,wavelength,energy,field,deltaA
0,400.0,3.1,-10,3.7592499999999993
1,410.0,3.024390243902439,-10,4.489
2,420.0,2.952380952380953,-10,3.9215
3,430.0,2.883720930232558,-10,3.1877115900000006
4,440.0,2.8181818181818183,-10,2.46475
5,450.0,2.7555555555555555,-10,2.031
6,460.0,2.6956521739130435,-10,1.7855
7,470.0,2.6382978723404253,-10,1.427
8,480.0,2.583333333333333,-10,1.18875
9,490.0,2.5306122448979598,-10,0.9882500000000002
10,500.0,2.48,-10,0.796
11,510.0,2.431372549019608,-10,0.6357093699999999
12,520.0,2.3846153846153846,-10,0.5153890975000001
13,530.0,2.339622641509434,-10,0.41173125
14,540.0,2.2962962962962963,-10,0.32206558
15,550.0,2.2545454545454544,-10,0.2520314549999999
16,560.0,2.2142857142857144,-10,0.1977027575
17,570.0,2.175438596491228,-10,0.15915375
18,580.0,2.1379310344827585,-10,0.139107794
19,590.0,2.101694915254237,-10,0.138139852
20,600.0,2.066666666666667,-10,0.1403546093
21,610.0,2.0327868852459017,-10,0.1521631364999999
22,620.0,2.0,-10,0.1706006772499999
23,630.0,1.968253968253968,-10,0.1941648485
24,640.0,1.9375,-10,0.2141015754974999
25,650.0,1.907692307692308,-10,0.2328895025
26,660.0,1.878787878787879,-10,0.2481651582499999
27,670.0,1.8507462686567164,-10,0.26268356525
28,680.0,1.8235294117647056,-10,0.2771207875
29,690.0,1.7971014492753623,-10,0.28796074875
30,700.0,1.7714285714285714,-10,0.29153477175
31,710.0,1.7464788732394363,-10,0.299698312425
32,720.0,1.7222222222222223,-10,0.3042550463249999
33,730.0,1.6986301369863013,-10,0.30707551725
34,740.0,1.6756756756756757,-10,0.30865088
35,750.0,1.653333333333333,-10,0.3088909175
36,760.0,1.631578947368421,-10,0.303048935
37,770.0,1.6103896103896105,-10,0.30980674
38,780.0,1.5897435897435896,-10,0.31271167
39,790.0,1.5696202531645569,-10,0.31269579
40,800.0,1.55,-10,0.3099401275
41,810.0,1.530864197530864,-10,0.319070565
42,820.0,1.5121951219512195,-10,0.3218502175
43,830.0,1.4939759036144578,-10,0.33090047
44,840.0,1.4761904761904765,-10,0.3364123175
45,850.0,1.4588235294117646,-10,0.3395454424999999
46,860.0,1.441860465116279,-10,0.3461308375
47,870.0,1.4252873563218391,-10,0.3522682149999999
48,880.0,1.4090909090909092,-10,0.3663355175
49,890.0,1.3932584269662922,-10,0.38123001
50,900.0,1.3777777777777778,-10,0.4048248475
51,910.0,1.362637362637363,-10,0.40520615
52,920.0,1.3478260869565215,-10,0.4201211749999999
53,930.0,1.3333333333333333,-10,0.4343921424999999
54,940.0,1.319148936170213,-10,0.4424369124999999
55,950.0,1.305263157894737,-10,0.4597499999999999
56,960.0,1.2916666666666667,-10,0.4615
57,970.0,1.2783505154639174,-10,0.5005
58,980.0,1.2653061224489797,-10,0.4985
59,990.0,1.2525252525252526,-10,0.49375
60,1000.0,1.24,-10,0.5285
61,1010.0,1.2277227722772277,-10,0.49375
62,1020.0,1.2156862745098038,-10,0.5474999999999998
63,1030.0,1.203883495145631,-10,0.542722513089005
64,1040.0,1.1923076923076923,-10,0.5637434554973819
65,1050.0,1.180952380952381,-10,0.5637434554973819
66,1060.0,1.169811320754717,-10,0.5513219895287955
67,1070.0,1.158878504672897,-10,0.5131020942408375
68,1080.0,1.148148148148148,-10,0.49781413612565384
69,1090.0,1.1376146788990826,-10,0.44048429319371674
70,1100.0,1.1272727272727272,-10,0.40226439790575863
71,1110.0,1.117117117117117,-10,0.38315445026177997
72,1120.0,1.1071428571428572,-10,0.342068062827225
73,1130.0,1.0973451327433628,-10,0.29907068062827213
74,1140.0,1.087719298245614,-10,0.26307029109947594
75,1150.0,1.0782608695652174,-10,0.2186972219895287
76,1160.0,1.0689655172413792,-10,0.1758292141361256
77,1170.0,1.0598290598290598,-10,0.12899689541884812
78,1180.0,1.0508474576271187,-10,0.08906931609947641
79,1190.0,1.0420168067226891,-10,0.06371771557591582
80,1200.0,1.0333333333333334,-10,0.02852047892670156
81,1210.0,1.024793388429752,-10,-0.03462082329842931
82,1220.0,1.0163934426229508,-10,-0.061249465183246046
83,1230.0,1.008130081300813,-10,-0.0925910405759162
84,1240.0,1.0,-10,-0.07840485693717275
85,1250.0,0.992,-10,-0.1395132715968582
86,1260.0,0.984126984126984,-10,-0.19212334921465962
87,1270.0,0.9763779527559056,-10,-0.20851671661387428
88,1280.0,0.96875,-10,-0.26824945382198945
89,1290.0,0.9612403100775194,-10,-0.2946366367408376
90,1300.0,0.953846153846154,-10,-0.2919667009162303
91,1310.0,0.9465648854961832,-10,-0.3295561017015705
92,1320.0,0.9393939393939394,-10,-0.34679769842931885
93,1330.0,0.9323308270676692,-10,-0.3566893417539266
94,1340.0,0.9253731343283582,-10,-0.39221148573298414
95,1350.0,0.9185185185185184,-10,-0.4116176471204183
96,1360.0,0.9117647058823528,-10,-0.3733476073298428
97,1370.0,0.9051094890510948,-10,-0.3388358062827224
98,1380.0,0.8985507246376812,-10,-0.12080422198952875
99,1390.0,0.8920863309352518,-10,-0.08377037050523557
100,1400.0,0.8857142857142857,-10,-0.24167982441099467
101,1410.0,0.8794326241134752,-10,-0.43134796099476425
102,1420.0,0.8732394366197183,-10,-0.5148985535340312
103,1430.0,0.8671328671328671,-10,-0.5253660273560207
104,1440.0,0.8611111111111112,-10,-0.5831708767015704
105,1450.0,0.8551724137931035,-10,-0.610250284031413
106,1460.0,0.8493150684931506,-10,-0.6476615896596856
107,1470.0,0.8435374149659864,-10,-0.6687634149214657
108,1480.0,0.8378378378378378,-10,-0.6498371234293192
109,1490.0,0.8322147651006712,-10,-0.6848609946335076
110,1500.0,0.8266666666666667,-10,-0.6926560187172772
111,1510.0,0.8211920529801324,-10,-0.6880796162303662
112,1520.0,0.8157894736842105,-10,-0.7129424607329841
113,1530.0,0.8104575163398693,-10,-0.6898422413612563
114,1540.0,0.8051948051948052,-10,-0.690552128141361
115,1550.0,0.8,-10,-0.7027499121727742
116,1560.0,0.7948717948717948,-10,-0.7086587844240835
117,1570.0,0.7898089171974523,-10,-0.6883506908376961
118,1580.0,0.7848101265822784,-10,-0.6726681600785338
119,1590.0,0.779874213836478,-10,-0.660545267931937
120,1600.0,0.775,-10,-0.6374194603403139
121,1610.0,0.7701863354037267,-10,-0.5889225361910992
122,1620.0,0.7654320987654321,-10,-0.5391025892801045
123,1630.0,0.7607361963190185,-10,-0.49327758934554955
124,1640.0,0.7560975609756098,-10,-0.47713982905759145
125,1650.0,0.7515151515151515,-10,-0.3640445026178009
126,1660.0,0.7469879518072289,-10,-0.03344240837696334
127,1670.0,0.7425149700598802,-10,0.36117801047120407
128,1680.0,0.7380952380952381,-10,0.9660078534031403
129,1690.0,0.7337278106508875,-10,1.7409162303664916
130,1700.0,0.7294117647058823,-10,1.8030235602094224
131,1710.0,0.7251461988304093,-10,1.6644764397905754
132,1720.0,0.7209302325581395,-10,1.5125523560209417
133,1730.0,0.7167630057803468,-10,1.2034209472513084
134,1740.0,0.7126436781609196,-10,0.9467317543193714
135,1750.0,0.7085714285714285,-10,0.8521508331151829
136,400.0,3.1,-8,7.788499999999998
137,410.0,3.024390243902439,-8,7.6295
138,420.0,2.952380952380953,-8,5.71625
139,430.0,2.883720930232558,-8,4.21771159
140,440.0,2.8181818181818183,-8,3.096
141,450.0,2.7555555555555555,-8,2.40425
142,460.0,2.6956521739130435,-8,1.9450000000000005
143,470.0,2.6382978723404253,-8,1.5245
144,480.0,2.583333333333333,-8,1.228
145,490.0,2.5306122448979598,-8,0.9545
146,500.0,2.48,-8,0.75075
147,510.0,2.431372549019608,-8,0.5879593700000001
148,520.0,2.3846153846153846,-8,0.4568890975
149,530.0,2.339622641509434,-8,0.3489812499999999
150,540.0,2.2962962962962963,-8,0.26881558
151,550.0,2.2545454545454544,-8,0.199781455
152,560.0,2.2142857142857144,-8,0.1502027574999999
153,570.0,2.175438596491228,-8,0.11865375
154,580.0,2.1379310344827585,-8,0.1008577939999999
155,590.0,2.101694915254237,-8,0.095139852
156,600.0,2.066666666666667,-8,0.1018546093
157,610.0,2.0327868852459017,-8,0.1096631365
158,620.0,2.0,-8,0.12735067725
159,630.0,1.968253968253968,-8,0.1469148485
160,640.0,1.9375,-8,0.1646015754975
161,650.0,1.907692307692308,-8,0.1813895024999999
162,660.0,1.878787878787879,-8,0.19591515825
163,670.0,1.8507462686567164,-8,0.20918356525
164,680.0,1.8235294117647056,-8,0.2201207875
165,690.0,1.7971014492753623,-8,0.23121074875
166,700.0,1.7714285714285714,-8,0.2337847717499999
167,710.0,1.7464788732394363,-8,0.240198312425
168,720.0,1.7222222222222223,-8,0.246755046325
169,730.0,1.6986301369863013,-8,0.2500755172500001
170,740.0,1.6756756756756757,-8,0.25015088
171,750.0,1.653333333333333,-8,0.2511409175
172,760.0,1.631578947368421,-8,0.250048935
173,770.0,1.6103896103896105,-8,0.25580674
174,780.0,1.5897435897435896,-8,0.25696167
175,790.0,1.5696202531645569,-8,0.25869579
176,800.0,1.55,-8,0.2619401275
177,810.0,1.530864197530864,-8,0.266320565
178,820.0,1.5121951219512195,-8,0.2696002174999999
179,830.0,1.4939759036144578,-8,0.27965047
180,840.0,1.4761904761904765,-8,0.2829123175
181,850.0,1.4588235294117646,-8,0.2875454425
182,860.0,1.441860465116279,-8,0.3026308375
183,870.0,1.4252873563218391,-8,0.303018215
184,880.0,1.4090909090909092,-8,0.3078355175
185,890.0,1.3932584269662922,-8,0.31773001
186,900.0,1.3777777777777778,-8,0.3265748475
187,910.0,1.362637362637363,-8,0.3344561499999999
188,920.0,1.3478260869565215,-8,0.345871175
189,930.0,1.3333333333333333,-8,0.3751421425
190,940.0,1.319148936170213,-8,0.3899369124999999
191,950.0,1.305263157894737,-8,0.3695
192,960.0,1.2916666666666667,-8,0.39175
193,970.0,1.2783505154639174,-8,0.409
194,980.0,1.2653061224489797,-8,0.36675
195,990.0,1.2525252525252526,-8,0.3379999999999999
196,1000.0,1.24,-8,0.4167499999999999
197,1010.0,1.2277227722772277,-8,0.4482500000000001
198,1020.0,1.2156862745098038,-8,0.47
199,1030.0,1.203883495145631,-8,0.44668407310704955
200,1040.0,1.1923076923076923,-8,0.44177545691906
201,1050.0,1.180952380952381,-8,0.4749086161879891
202,1060.0,1.169811320754717,-8,0.4712271540469974
203,1070.0,1.158878504672897,-8,0.4000522193211488
204,1080.0,1.148148148148148,-8,0.3877806788511749
205,1090.0,1.1376146788990826,-8,0.3509660574412532
206,1100.0,1.1272727272727272,-8,0.3251958224543081
207,1110.0,1.117117117117117,-8,0.31537859007832897
208,1120.0,1.1071428571428572,-8,0.25402088772845904
209,1130.0,1.0973451327433628,-8,0.19879895561357702
210,1140.0,1.087719298245614,-8,0.18324217650130498
211,1150.0,1.0782608695652174,-8,0.1507965180156653
212,1160.0,1.0689655172413792,-8,0.0969678966057441
213,1170.0,1.0598290598290598,-8,0.0417293365535248
214,1180.0,1.0508474576271187,-8,0.04520052584856396
215,1190.0,1.0420168067226891,-8,-0.028430778590078327
216,1200.0,1.0333333333333334,-8,-0.03842693002610917
217,1210.0,1.024793388429752,-8,-0.08902138694516971
218,1220.0,1.0163934426229508,-8,-0.14834861566579632
219,1230.0,1.008130081300813,-8,-0.14881298302872062
220,1240.0,1.0,-8,-0.13277865691906005
221,1250.0,0.992,-8,-0.23277233498694513
222,1260.0,0.984126984126984,-8,-0.2815510947780674
223,1270.0,0.9763779527559056,-8,-0.2864706377911227
224,1280.0,0.96875,-8,-0.31808785415143603
225,1290.0,0.9612403100775194,-8,-0.35901295934725846
226,1300.0,0.953846153846154,-8,-0.37019145039164486
227,1310.0,0.9465648854961832,-8,-0.39768070731070443
228,1320.0,0.9393939393939394,-8,-0.41420523237597906
229,1330.0,0.9323308270676692,-8,-0.4217416516971279
230,1340.0,0.9253731343283582,-8,-0.4693786182767624
231,1350.0,0.9185185185185184,-8,-0.4762567308093994
232,1360.0,0.9117647058823528,-8,-0.4181295114882501
233,1370.0,0.9051094890510948,-8,-0.39791541279373366
234,1380.0,0.8985507246376812,-8,-0.22689717545691904
235,1390.0,0.8920863309352518,-8,-0.17886272140992165
236,1400.0,0.8857142857142857,-8,-0.29558911736292376
237,1410.0,0.8794326241134752,-8,-0.49274206057441244
238,1420.0,0.8732394366197183,-8,-0.628660329765013
239,1430.0,0.8671328671328671,-8,-0.6318870208877279
240,1440.0,0.8611111111111112,-8,-0.7000784373368145
241,1450.0,0.8551724137931035,-8,-0.7183554242819837
242,1460.0,0.8493150684931506,-8,-0.7518860955613577
243,1470.0,0.8435374149659864,-8,-0.7558680999999999
244,1480.0,0.8378378378378378,-8,-0.7769036801566579
245,1490.0,0.8322147651006712,-8,-0.7939735524804178
246,1500.0,0.8266666666666667,-8,-0.7753122822454307
247,1510.0,0.8211920529801324,-8,-0.7422244049608354
248,1520.0,0.8157894736842105,-8,-0.768331640992167
249,1530.0,0.8104575163398693,-8,-0.7456697381201038
250,1540.0,0.8051948051948052,-8,-0.7291716950391645
251,1550.0,0.8,-8,-0.778809204960835
252,1560.0,0.7948717948717948,-8,-0.7897069464751958
253,1570.0,0.7898089171974523,-8,-0.7597998524804177
254,1580.0,0.7848101265822784,-8,-0.7330353404699739
255,1590.0,0.779874213836478,-8,-0.7450575600522192
256,1600.0,0.775,-8,-0.7063835916449085
257,1610.0,0.7701863354037267,-8,-0.6481927910182768
258,1620.0,0.7654320987654321,-8,-0.6301702536057436
259,1630.0,0.7607361963190185,-8,-0.5804983375979111
260,1640.0,0.7560975609756098,-8,-0.5443520365535248
261,1650.0,0.7515151515151515,-8,-0.42582245430809396
262,1660.0,0.7469879518072289,-8,-0.1227154046997389
263,1670.0,0.7425149700598802,-8,0.38655352480417754
264,1680.0,0.7380952380952381,-8,1.1105744125326373
265,1690.0,0.7337278106508875,-8,1.6284334203655346
266,1700.0,0.7294117647058823,-8,1.751148825065274
267,1710.0,0.7251461988304093,-8,1.607571801566579
268,1720.0,0.7209302325581395,-8,1.3731853785900783
269,1730.0,0.7167630057803468,-8,1.0362956248041775
270,1740.0,0.7126436781609196,-8,0.6685855657963446
271,1750.0,0.7085714285714285,-8,0.4788842602872062
272,400.0,3.1,-6,9.28975
273,410.0,3.024390243902439,-6,8.511000000000001
274,420.0,2.952380952380953,-6,5.95475
275,430.0,2.883720930232558,-6,4.15646159
276,440.0,2.8181818181818183,-6,2.94525
277,450.0,2.7555555555555555,-6,2.2215
278,460.0,2.6956521739130435,-6,1.78775
279,470.0,2.6382978723404253,-6,1.3672500000000003
280,480.0,2.583333333333333,-6,1.0815
281,490.0,2.5306122448979598,-6,0.82175
282,500.0,2.48,-6,0.629
283,510.0,2.431372549019608,-6,0.4752093700000001
284,520.0,2.3846153846153846,-6,0.3666390975
285,530.0,2.339622641509434,-6,0.2729812499999999
286,540.0,2.2962962962962963,-6,0.2028155799999999
287,550.0,2.2545454545454544,-6,0.142781455
288,560.0,2.2142857142857144,-6,0.1039527574999999
289,570.0,2.175438596491228,-6,0.0754393925
290,580.0,2.1379310344827585,-6,0.0607912115
291,590.0,2.101694915254237,-6,0.0608613095
292,600.0,2.066666666666667,-6,0.0654500293
293,610.0,2.0327868852459017,-6,0.0707135065
294,620.0,2.0,-6,0.08500701725
295,630.0,1.968253968253968,-6,0.1022340335
296,640.0,1.9375,-6,0.1176015754975
297,650.0,1.907692307692308,-6,0.1308895025
298,660.0,1.878787878787879,-6,0.1426651582499999
299,670.0,1.8507462686567164,-6,0.15293356525
300,680.0,1.8235294117647056,-6,0.1618707875
301,690.0,1.7971014492753623,-6,0.17046074875
302,700.0,1.7714285714285714,-6,0.17628477175
303,710.0,1.7464788732394363,-6,0.179698312425
304,720.0,1.7222222222222223,-6,0.186755046325
305,730.0,1.6986301369863013,-6,0.18932551725
306,740.0,1.6756756756756757,-6,0.18840088
307,750.0,1.653333333333333,-6,0.1913909174999999
308,760.0,1.631578947368421,-6,0.185798935
309,770.0,1.6103896103896105,-6,0.1918067399999999
310,780.0,1.5897435897435896,-6,0.1974616699999999
311,790.0,1.5696202531645569,-6,0.19819579
312,800.0,1.55,-6,0.2004401275
313,810.0,1.530864197530864,-6,0.2045705649999999
314,820.0,1.5121951219512195,-6,0.2048502175
315,830.0,1.4939759036144578,-6,0.20615047
316,840.0,1.4761904761904765,-6,0.2091623175
317,850.0,1.4588235294117646,-6,0.2035454425
318,860.0,1.441860465116279,-6,0.2068808374999999
319,870.0,1.4252873563218391,-6,0.215518215
320,880.0,1.4090909090909092,-6,0.2193355175
321,890.0,1.3932584269662922,-6,0.21273001
322,900.0,1.3777777777777778,-6,0.2280748475
323,910.0,1.362637362637363,-6,0.22295615
324,920.0,1.3478260869565215,-6,0.228371175
325,930.0,1.3333333333333333,-6,0.2476421425
326,940.0,1.319148936170213,-6,0.2319369124999999
327,950.0,1.305263157894737,-6,0.20425
328,960.0,1.2916666666666667,-6,0.23975
329,970.0,1.2783505154639174,-6,0.248
330,980.0,1.2653061224489797,-6,0.19675
331,990.0,1.2525252525252526,-6,0.1664999999999999
332,1000.0,1.24,-6,0.1594999999999999
333,1010.0,1.2277227722772277,-6,0.1685
334,1020.0,1.2156862745098038,-6,0.17875
335,1030.0,1.203883495145631,-6,0.16071100917431194
336,1040.0,1.1923076923076923,-6,0.1680905963302749
337,1050.0,1.180952380952381,-6,0.19760894495412812
338,1060.0,1.169811320754717,-6,0.1738302752293578
339,1070.0,1.158878504672897,-6,0.1590711009174312
340,1080.0,1.148148148148148,-6,0.15333142201834862
341,1090.0,1.1376146788990826,-6,0.11151376146788991
342,1100.0,1.1272727272727272,-6,0.0942947247706422
343,1110.0,1.117117117117117,-6,0.08855504587155963
344,1120.0,1.1071428571428572,-6,0.06313646788990793
345,1130.0,1.0973451327433628,-6,0.03361811926605505
346,1140.0,1.087719298245614,-6,0.046182177981651376
347,1150.0,1.0782608695652174,-6,0.0417218243119266
348,1160.0,1.0689655172413792,-6,-0.0007624425458712316
349,1170.0,1.0598290598290598,-6,-0.03130034673165138
350,1180.0,1.0508474576271187,-6,-0.05269237597477032
351,1190.0,1.0420168067226891,-6,-0.05114257247706422
352,1200.0,1.0333333333333334,-6,-0.06258730361238499
353,1210.0,1.024793388429752,-6,-0.07174938084862385
354,1220.0,1.0163934426229508,-6,-0.10614359489678898
355,1230.0,1.008130081300813,-6,-0.10829635166284403
356,1240.0,1.0,-6,-0.10862666198394497
357,1250.0,0.992,-6,-0.12911713526376148
358,1260.0,0.984126984126984,-6,-0.17397948228211008
359,1270.0,0.9763779527559056,-6,-0.14072761192660552
360,1280.0,0.96875,-6,-0.16739641168577982
361,1290.0,0.9612403100775194,-6,-0.18768300173165137
362,1300.0,0.953846153846154,-6,-0.19831848209174313
363,1310.0,0.9465648854961832,-6,-0.2273363753211009
364,1320.0,0.9393939393939394,-6,-0.24915340154816512
365,1330.0,0.9323308270676692,-6,-0.23420367809633028
366,1340.0,0.9253731343283582,-6,-0.24153638027522936
367,1350.0,0.9185185185185184,-6,-0.23745874019495414
368,1360.0,0.9117647058823528,-6,-0.2357874768922018
369,1370.0,0.9051094890510948,-6,-0.20516332173165136
370,1380.0,0.8985507246376812,-6,-0.07045601800458715
371,1390.0,0.8920863309352518,-6,-0.07743023623853211
372,1400.0,0.8857142857142857,-6,-0.13596212462729357
373,1410.0,0.8794326241134752,-6,-0.2452053470183483
374,1420.0,0.8732394366197183,-6,-0.2907102182912844
375,1430.0,0.8671328671328671,-6,-0.30181917821100884
376,1440.0,0.8611111111111112,-6,-0.3477382493119266
377,1450.0,0.8551724137931035,-6,-0.3880039498853208
378,1460.0,0.8493150684931506,-6,-0.39612384902522935
379,1470.0,0.8435374149659864,-6,-0.39450390665137613
380,1480.0,0.8378378378378378,-6,-0.3997360831422018
381,1490.0,0.8322147651006712,-6,-0.4103326455275229
382,1500.0,0.8266666666666667,-6,-0.4101978778669725
383,1510.0,0.8211920529801324,-6,-0.3952512538417431
384,1520.0,0.8157894736842105,-6,-0.4041906069380734
385,1530.0,0.8104575163398693,-6,-0.4013470224197245
386,1540.0,0.8051948051948052,-6,-0.3896909235091743
387,1550.0,0.8,-6,-0.41344228056192656
388,1560.0,0.7948717948717948,-6,-0.40196848205275226
389,1570.0,0.7898089171974523,-6,-0.3876162206364679
390,1580.0,0.7848101265822784,-6,-0.3781398992603211
391,1590.0,0.779874213836478,-6,-0.38829748526376145
392,1600.0,0.775,-6,-0.37771254162844037
393,1610.0,0.7701863354037267,-6,-0.34052114426605506
394,1620.0,0.7654320987654321,-6,-0.299510367775229
395,1630.0,0.7607361963190185,-6,-0.2882448376146789
396,1640.0,0.7560975609756098,-6,-0.2880367496559633
397,1650.0,0.7515151515151515,-6,-0.22630733944954093
398,1660.0,0.7469879518072289,-6,-0.07461582568807339
399,1670.0,0.7425149700598802,-6,0.18202981651376113
400,1680.0,0.7380952380952381,-6,0.5305103211009171
401,1690.0,0.7337278106508875,-6,0.8511123853211006
402,1700.0,0.7294117647058823,-6,0.8527522935779813
403,1710.0,0.7251461988304093,-6,0.7822362385321101
404,1720.0,0.7209302325581395,-6,0.6641628440366973
405,1730.0,0.7167630057803468,-6,0.49071851301605474
406,1740.0,0.7126436781609196,-6,0.32374494019495414
407,1750.0,0.7085714285714285,-6,0.42388004243119265
408,400.0,3.1,-4,6.803000000000001
409,410.0,3.024390243902439,-4,6.7795
410,420.0,2.952380952380953,-4,4.6555
411,430.0,2.883720930232558,-4,3.14246159
412,440.0,2.8181818181818183,-4,2.22225
413,450.0,2.7555555555555555,-4,1.6615
414,460.0,2.6956521739130435,-4,1.296
415,470.0,2.6382978723404253,-4,0.955
416,480.0,2.583333333333333,-4,0.7385000000000002
417,490.0,2.5306122448979598,-4,0.56575
418,500.0,2.48,-4,0.4327499999999999
419,510.0,2.431372549019608,-4,0.32345937
420,520.0,2.3846153846153846,-4,0.2431390974999999
421,530.0,2.339622641509434,-4,0.1777312499999999
422,540.0,2.2962962962962963,-4,0.1278155799999999
423,550.0,2.2545454545454544,-4,0.085531455
424,560.0,2.2142857142857144,-4,0.058004445
425,570.0,2.175438596491228,-4,0.0399872624999999
426,580.0,2.1379310344827585,-4,0.0308125265
427,590.0,2.101694915254237,-4,0.0311297045
428,600.0,2.066666666666667,-4,0.0353222967999999
429,610.0,2.0327868852459017,-4,0.0421919265
430,620.0,2.0,-4,0.05232458725
431,630.0,1.968253968253968,-4,0.0641336285
432,640.0,1.9375,-4,0.0768586604975
433,650.0,1.907692307692308,-4,0.0854326775
434,660.0,1.878787878787879,-4,0.08989710325
435,670.0,1.8507462686567164,-4,0.09875228775
436,680.0,1.8235294117647056,-4,0.1072599
437,690.0,1.7971014492753623,-4,0.11446074875
438,700.0,1.7714285714285714,-4,0.11753477175
439,710.0,1.7464788732394363,-4,0.121448312425
440,720.0,1.7222222222222223,-4,0.124755046325
441,730.0,1.6986301369863013,-4,0.1253255172499999
442,740.0,1.6756756756756757,-4,0.12590088
443,750.0,1.653333333333333,-4,0.1283909175
444,760.0,1.631578947368421,-4,0.122548935
445,770.0,1.6103896103896105,-4,0.12755674
446,780.0,1.5897435897435896,-4,0.13446167
447,790.0,1.5696202531645569,-4,0.1361957899999999
448,800.0,1.55,-4,0.1421901274999999
449,810.0,1.530864197530864,-4,0.146070565
450,820.0,1.5121951219512195,-4,0.1396002175
451,830.0,1.4939759036144578,-4,0.14140047
452,840.0,1.4761904761904765,-4,0.1366623175
453,850.0,1.4588235294117646,-4,0.1387954424999999
454,860.0,1.441860465116279,-4,0.1441308375
455,870.0,1.4252873563218391,-4,0.141518215
456,880.0,1.4090909090909092,-4,0.1480855174999999
457,890.0,1.3932584269662922,-4,0.1369800099999999
458,900.0,1.3777777777777778,-4,0.1525748475
459,910.0,1.362637362637363,-4,0.16045615
460,920.0,1.3478260869565215,-4,0.1691211749999999
461,930.0,1.3333333333333333,-4,0.1848921425
462,940.0,1.319148936170213,-4,0.1701869124999999
463,950.0,1.305263157894737,-4,0.1465
464,960.0,1.2916666666666667,-4,0.16275
465,970.0,1.2783505154639174,-4,0.174
466,980.0,1.2653061224489797,-4,0.119
467,990.0,1.2525252525252526,-4,0.097
468,1000.0,1.24,-4,0.1605
469,1010.0,1.2277227722772277,-4,0.185
470,1020.0,1.2156862745098038,-4,0.21075
471,1030.0,1.203883495145631,-4,0.2296448275862075
472,1040.0,1.1923076923076923,-4,0.20929655172413847
473,1050.0,1.180952380952381,-4,0.2834224137931036
474,1060.0,1.169811320754717,-4,0.2398189655172414
475,1070.0,1.158878504672897,-4,0.17150689655172457
476,1080.0,1.148148148148148,-4,0.16423965517241423
477,1090.0,1.1376146788990826,-4,0.1337172413793107
478,1100.0,1.1272727272727272,-4,0.11918275862068939
479,1110.0,1.117117117117117,-4,0.1656931034482763
480,1120.0,1.1071428571428572,-4,0.11336896551724168
481,1130.0,1.0973451327433628,-4,0.06831206896551742
482,1140.0,1.087719298245614,-4,0.06296756524137889
483,1150.0,1.0782608695652174,-4,0.03616632786206907
484,1160.0,1.0689655172413792,-4,-0.005165962137930467
485,1170.0,1.0598290598290598,-4,-0.02035985984482706
486,1180.0,1.0508474576271187,-4,-0.029758670327585703
487,1190.0,1.0420168067226891,-4,-0.04602547448275874
488,1200.0,1.0333333333333334,-4,-0.037513936034482276
489,1210.0,1.024793388429752,-4,-0.09096561553448299
490,1220.0,1.0163934426229508,-4,-0.11658691453448307
491,1230.0,1.008130081300813,-4,-0.12355439674137964
492,1240.0,1.0,-4,-0.11256783936206928
493,1250.0,0.992,-4,-0.16458008182758663
494,1260.0,0.984126984126984,-4,-0.16399390613793147
495,1270.0,0.9763779527559056,-4,-0.14182860191379348
496,1280.0,0.96875,-4,-0.21492750103448335
497,1290.0,0.9612403100775194,-4,-0.23254750913793165
498,1300.0,0.953846153846154,-4,-0.23909812784482823
499,1310.0,0.9465648854961832,-4,-0.26140175674138
500,1320.0,0.9393939393939394,-4,-0.28580474051379384
501,1330.0,0.9323308270676692,-4,-0.25951967072638
502,1340.0,0.9253731343283582,-4,-0.26769059778620763
503,1350.0,0.9185185185185184,-4,-0.280310444410345
504,1360.0,0.9117647058823528,-4,-0.282663085903449
505,1370.0,0.9051094890510948,-4,-0.21420851796206894
506,1380.0,0.8985507246376812,-4,-0.07493075846896571
507,1390.0,0.8920863309352518,-4,-0.07521316637586169
508,1400.0,0.8857142857142857,-4,-0.13298336772931071
509,1410.0,0.8794326241134752,-4,-0.311605682232414
510,1420.0,0.8732394366197183,-4,-0.39730166029138037
511,1430.0,0.8671328671328671,-4,-0.39312024628344877
512,1440.0,0.8611111111111112,-4,-0.43369443539482877
513,1450.0,0.8551724137931035,-4,-0.48797846111896626
514,1460.0,0.8493150684931506,-4,-0.5274488795172427
515,1470.0,0.8435374149659864,-4,-0.4810353821632771
516,1480.0,0.8378378378378378,-4,-0.515710326894829
517,1490.0,0.8322147651006712,-4,-0.4996573805027593
518,1500.0,0.8266666666666667,-4,-0.49037785132241507
519,1510.0,0.8211920529801324,-4,-0.49497356611034615
520,1520.0,0.8157894736842105,-4,-0.48989746486551855
521,1530.0,0.8104575163398693,-4,-0.5012349776793117
522,1540.0,0.8051948051948052,-4,-0.4892810225689668
523,1550.0,0.8,-4,-0.5174201590862078
524,1560.0,0.7948717948717948,-4,-0.48850595674138064
525,1570.0,0.7898089171974523,-4,-0.4901839046379323
526,1580.0,0.7848101265822784,-4,-0.4836785463103461
527,1590.0,0.779874213836478,-4,-0.5012558521034496
528,1600.0,0.775,-4,-0.4685877852931047
529,1610.0,0.7701863354037267,-4,-0.4099822654137942
530,1620.0,0.7654320987654321,-4,-0.3992435936379315
531,1630.0,0.7607361963190185,-4,-0.3884839340689666
532,1640.0,0.7560975609756098,-4,-0.3808034482758631
533,1650.0,0.7515151515151515,-4,-0.2848758620689657
534,1660.0,0.7469879518072289,-4,-0.10610172413793131
535,1670.0,0.7425149700598802,-4,0.22237758620689657
536,1680.0,0.7380952380952381,-4,0.6569586206896569
537,1690.0,0.7337278106508875,-4,1.0537500000000029
538,1700.0,0.7294117647058823,-4,1.1700258620689674
539,1710.0,0.7251461988304093,-4,1.0072396551724163
540,1720.0,0.7209302325581395,-4,1.0697379310344857
541,1730.0,0.7167630057803468,-4,0.9614134339137951
542,1740.0,0.7126436781609196,-4,0.5665963896724153
543,1750.0,0.7085714285714285,-4,0.6471593934915528
544,400.0,3.1,-2,5.4925
545,410.0,3.024390243902439,-2,4.862500000000001
546,420.0,2.952380952380953,-2,3.07275
547,430.0,2.883720930232558,-2,2.09946159
548,440.0,2.8181818181818183,-2,1.4240000000000002
549,450.0,2.7555555555555555,-2,1.0659999999999998
550,460.0,2.6956521739130435,-2,0.85875
551,470.0,2.6382978723404253,-2,0.61175
552,480.0,2.583333333333333,-2,0.46025
553,490.0,2.5306122448979598,-2,0.3532499999999999
554,500.0,2.48,-2,0.27025
555,510.0,2.431372549019608,-2,0.20345937
556,520.0,2.3846153846153846,-2,0.1453890975
557,530.0,2.339622641509434,-2,0.11098125
558,540.0,2.2962962962962963,-2,0.08106558
559,550.0,2.2545454545454544,-2,0.057443575
560,560.0,2.2142857142857144,-2,0.0410846125
561,570.0,2.175438596491228,-2,0.0346659325
562,580.0,2.1379310344827585,-2,0.0253022139999999
563,590.0,2.101694915254237,-2,0.023106672
564,600.0,2.066666666666667,-2,0.0290442143
565,610.0,2.0327868852459017,-2,0.0293617864999999
566,620.0,2.0,-2,0.03337144475
567,630.0,1.968253968253968,-2,0.0405734285
568,640.0,1.9375,-2,0.0464362504975
569,650.0,1.907692307692308,-2,0.05248481
570,660.0,1.878787878787879,-2,0.05309135825
571,670.0,1.8507462686567164,-2,0.05767073775
572,680.0,1.8235294117647056,-2,0.0637964824999999
573,690.0,1.7971014492753623,-2,0.0688479387499999
574,700.0,1.7714285714285714,-2,0.06970376925
575,710.0,1.7464788732394363,-2,0.0740314824249999
576,720.0,1.7222222222222223,-2,0.074529076325
577,730.0,1.6986301369863013,-2,0.07478492225
578,740.0,1.6756756756756757,-2,0.07238456
579,750.0,1.653333333333333,-2,0.0765916175
580,760.0,1.631578947368421,-2,0.0730769424999999
581,770.0,1.6103896103896105,-2,0.07905674
582,780.0,1.5897435897435896,-2,0.08146167
583,790.0,1.5696202531645569,-2,0.0826957899999999
584,800.0,1.55,-2,0.0859401275
585,810.0,1.530864197530864,-2,0.095820565
586,820.0,1.5121951219512195,-2,0.0938502174999999
587,830.0,1.4939759036144578,-2,0.10140047
588,840.0,1.4761904761904765,-2,0.1009123175
589,850.0,1.4588235294117646,-2,0.0945454425
590,860.0,1.441860465116279,-2,0.0986308374999999
591,870.0,1.4252873563218391,-2,0.102268215
592,880.0,1.4090909090909092,-2,0.1035855175
593,890.0,1.3932584269662922,-2,0.10923001
594,900.0,1.3777777777777778,-2,0.1205748474999999
595,910.0,1.362637362637363,-2,0.11520615
596,920.0,1.3478260869565215,-2,0.119121175
597,930.0,1.3333333333333333,-2,0.1386421425
598,940.0,1.319148936170213,-2,0.1521869125
599,950.0,1.305263157894737,-2,0.1387499999999999
600,960.0,1.2916666666666667,-2,0.17625
601,970.0,1.2783505154639174,-2,0.1894999999999999
602,980.0,1.2653061224489797,-2,0.1584999999999999
603,990.0,1.2525252525252526,-2,0.14675
604,1000.0,1.24,-2,0.1835
605,1010.0,1.2277227722772277,-2,0.187
606,1020.0,1.2156862745098038,-2,0.2049999999999998
607,1030.0,1.203883495145631,-2,0.04516949152542399
608,1040.0,1.1923076923076923,-2,0.1320338983050855
609,1050.0,1.180952380952381,-2,0.19110169491525394
610,1060.0,1.169811320754717,-2,0.13898305084745843
611,1070.0,1.158878504672897,-2,0.0799152542372886
612,1080.0,1.148148148148148,-2,0.09381355932203306
613,1090.0,1.1376146788990826,-2,0.027796610169491687
614,1100.0,1.1272727272727272,-2,-0.006949152542371532
615,1110.0,1.117117117117117,-2,0.017372881355932304
616,1120.0,1.1071428571428572,-2,0.05559322033898199
617,1130.0,1.0973451327433628,-2,0.003474576271186461
618,1140.0,1.087719298245614,-2,-0.06489507796610207
619,1150.0,1.0782608695652174,-2,-0.09846591271186358
620,1160.0,1.0689655172413792,-2,-0.18411588559322
621,1170.0,1.0598290598290598,-2,-0.24783012881356073
622,1180.0,1.0508474576271187,-2,-0.23963971864406777
623,1190.0,1.0420168067226891,-2,-0.25938000254237437
624,1200.0,1.0333333333333334,-2,-0.21275751271186424
625,1210.0,1.024793388429752,-2,-0.3039755288135611
626,1220.0,1.0163934426229508,-2,-0.32119639745762896
627,1230.0,1.008130081300813,-2,-0.22283715423728942
628,1240.0,1.0,-2,-0.23510869745762847
629,1250.0,0.992,-2,-0.34095328983051043
630,1260.0,0.984126984126984,-2,-0.42573232542373124
631,1270.0,0.9763779527559056,-2,-0.3332614466101714
632,1280.0,0.96875,-2,-0.3956584779661026
633,1290.0,0.9612403100775194,-2,-0.4228053423728838
634,1300.0,0.953846153846154,-2,-0.3775445737288157
635,1310.0,0.9465648854961832,-2,-0.382446888135594
636,1320.0,0.9393939393939394,-2,-0.528894649152544
637,1330.0,0.9323308270676692,-2,-0.49149702033898446
638,1340.0,0.9253731343283582,-2,-0.44326941525423985
639,1350.0,0.9185185185185184,-2,-0.45679811576271306
640,1360.0,0.9117647058823528,-2,-0.33177974830508666
641,1370.0,0.9051094890510948,-2,-0.2936613916101698
642,1380.0,0.8985507246376812,-2,-0.20827391949152663
643,1390.0,0.8920863309352518,-2,-0.2993524800000017
644,1400.0,0.8857142857142857,-2,-0.25471790296610314
645,1410.0,0.8794326241134752,-2,-0.6059142957627154
646,1420.0,0.8732394366197183,-2,-0.6286159610169527
647,1430.0,0.8671328671328671,-2,-0.5516671262711896
648,1440.0,0.8611111111111112,-2,-0.6754977584745802
649,1450.0,0.8551724137931035,-2,-0.8115438542372915
650,1460.0,0.8493150684931506,-2,-0.8399703355932252
651,1470.0,0.8435374149659864,-2,-0.770516196610174
652,1480.0,0.8378378378378378,-2,-0.7012853338983092
653,1490.0,0.8322147651006712,-2,-0.7026505644067836
654,1500.0,0.8266666666666667,-2,-0.6774680864406818
655,1510.0,0.8211920529801324,-2,-0.6683564618644107
656,1520.0,0.8157894736842105,-2,-0.7533195110169536
657,1530.0,0.8104575163398693,-2,-0.693518926271189
658,1540.0,0.8051948051948052,-2,-0.6674021694915292
659,1550.0,0.8,-2,-0.7223396330508502
660,1560.0,0.7948717948717948,-2,-0.8243545822033945
661,1570.0,0.7898089171974523,-2,-0.7504592745762756
662,1580.0,0.7848101265822784,-2,-0.6939157576271212
663,1590.0,0.779874213836478,-2,-0.6803573355932243
664,1600.0,0.775,-2,-0.6330023008474612
665,1610.0,0.7701863354037267,-2,-0.4961946822033927
666,1620.0,0.7654320987654321,-2,-0.4973362194915269
667,1630.0,0.7607361963190185,-2,-0.53973331186441
668,1640.0,0.7560975609756098,-2,-0.5941525423728848
669,1650.0,0.7515151515151515,-2,-0.500338983050849
670,1660.0,0.7469879518072289,-2,-0.448220338983052
671,1670.0,0.7425149700598802,-2,-0.07644067796610213
672,1680.0,0.7380952380952381,-2,0.4343220338983062
673,1690.0,0.7337278106508875,-2,0.8373728813559357
674,1700.0,0.7294117647058823,-2,0.2849152542372884
675,1710.0,0.7251461988304093,-2,0.3439830508474582
676,1720.0,0.7209302325581395,-2,0.38567796610169713
677,1730.0,0.7167630057803468,-2,-0.12414369152542305
678,1740.0,0.7126436781609196,-2,-0.9390302271186481
679,1750.0,0.7085714285714285,-2,-0.775386266949157
680,400.0,3.1,0,0.0
681,410.0,3.024390243902439,0,0.0
682,420.0,2.952380952380953,0,0.0
683,430.0,2.883720930232558,0,0.0
684,440.0,2.8181818181818183,0,0.0
685,450.0,2.7555555555555555,0,0.0
686,460.0,2.6956521739130435,0,0.0
687,470.0,2.6382978723404253,0,0.0
688,480.0,2.583333333333333,0,0.0
689,490.0,2.5306122448979598,0,0.0
690,500.0,2.48,0,0.0
691,510.0,2.431372549019608,0,0.0
692,520.0,2.3846153846153846,0,0.0
693,530.0,2.339622641509434,0,0.0
694,540.0,2.2962962962962963,0,0.0
695,550.0,2.2545454545454544,0,0.0
696,560.0,2.2142857142857144,0,0.0
697,570.0,2.175438596491228,0,0.0
698,580.0,2.1379310344827585,0,0.0
699,590.0,2.101694915254237,0,0.0
700,600.0,2.066666666666667,0,0.0
701,610.0,2.0327868852459017,0,0.0
702,620.0,2.0,0,0.0
703,630.0,1.968253968253968,0,0.0
704,640.0,1.9375,0,0.0
705,650.0,1.907692307692308,0,0.0
706,660.0,1.878787878787879,0,0.0
707,670.0,1.8507462686567164,0,0.0
708,680.0,1.8235294117647056,0,0.0
709,690.0,1.7971014492753623,0,0.0
710,700.0,1.7714285714285714,0,0.0
711,710.0,1.7464788732394363,0,0.0
712,720.0,1.7222222222222223,0,0.0
713,730.0,1.6986301369863013,0,0.0
714,740.0,1.6756756756756757,0,0.0
715,750.0,1.653333333333333,0,0.0
716,760.0,1.631578947368421,0,0.0
717,770.0,1.6103896103896105,0,0.0
718,780.0,1.5897435897435896,0,0.0
719,790.0,1.5696202531645569,0,0.0
720,800.0,1.55,0,0.0
721,810.0,1.530864197530864,0,0.0
722,820.0,1.5121951219512195,0,0.0
723,830.0,1.4939759036144578,0,0.0
724,840.0,1.4761904761904765,0,0.0
725,850.0,1.4588235294117646,0,0.0
726,860.0,1.441860465116279,0,0.0
727,870.0,1.4252873563218391,0,0.0
728,880.0,1.4090909090909092,0,0.0
729,890.0,1.3932584269662922,0,0.0
730,900.0,1.3777777777777778,0,0.0
731,910.0,1.362637362637363,0,0.0
732,920.0,1.3478260869565215,0,0.0
733,930.0,1.3333333333333333,0,0.0
734,940.0,1.319148936170213,0,0.0
735,950.0,1.305263157894737,0,0.0
736,960.0,1.2916666666666667,0,0.0
737,970.0,1.2783505154639174,0,0.0
738,980.0,1.2653061224489797,0,0.0
739,990.0,1.2525252525252526,0,0.0
740,1000.0,1.24,0,0.0
741,1010.0,1.2277227722772277,0,0.0
742,1020.0,1.2156862745098038,0,0.0
743,1030.0,1.203883495145631,0,0.0
744,1040.0,1.1923076923076923,0,0.0
745,1050.0,1.180952380952381,0,0.0
746,1060.0,1.169811320754717,0,0.0
747,1070.0,1.158878504672897,0,0.0
748,1080.0,1.148148148148148,0,0.0
749,1090.0,1.1376146788990826,0,0.0
750,1100.0,1.1272727272727272,0,0.0
751,1110.0,1.117117117117117,0,0.0
752,1120.0,1.1071428571428572,0,0.0
753,1130.0,1.0973451327433628,0,0.0
754,1140.0,1.087719298245614,0,0.0
755,1150.0,1.0782608695652174,0,0.0
756,1160.0,1.0689655172413792,0,0.0
757,1170.0,1.0598290598290598,0,0.0
758,1180.0,1.0508474576271187,0,0.0
759,1190.0,1.0420168067226891,0,0.0
760,1200.0,1.0333333333333334,0,0.0
761,1210.0,1.024793388429752,0,0.0
762,1220.0,1.0163934426229508,0,0.0
763,1230.0,1.008130081300813,0,0.0
764,1240.0,1.0,0,0.0
765,1250.0,0.992,0,0.0
766,1260.0,0.984126984126984,0,0.0
767,1270.0,0.9763779527559056,0,0.0
768,1280.0,0.96875,0,0.0
769,1290.0,0.9612403100775194,0,0.0
770,1300.0,0.953846153846154,0,0.0
771,1310.0,0.9465648854961832,0,0.0
772,1320.0,0.9393939393939394,0,0.0
773,1330.0,0.9323308270676692,0,0.0
774,1340.0,0.9253731343283582,0,0.0
775,1350.0,0.9185185185185184,0,0.0
776,1360.0,0.9117647058823528,0,0.0
777,1370.0,0.9051094890510948,0,0.0
778,1380.0,0.8985507246376812,0,0.0
779,1390.0,0.8920863309352518,0,0.0
780,1400.0,0.8857142857142857,0,0.0
781,1410.0,0.8794326241134752,0,0.0
782,1420.0,0.8732394366197183,0,0.0
783,1430.0,0.8671328671328671,0,0.0
784,1440.0,0.8611111111111112,0,0.0
785,1450.0,0.8551724137931035,0,0.0
786,1460.0,0.8493150684931506,0,0.0
787,1470.0,0.8435374149659864,0,0.0
788,1480.0,0.8378378378378378,0,0.0
789,1490.0,0.8322147651006712,0,0.0
790,1500.0,0.8266666666666667,0,0.0
791,1510.0,0.8211920529801324,0,0.0
792,1520.0,0.8157894736842105,0,0.0
793,1530.0,0.8104575163398693,0,0.0
794,1540.0,0.8051948051948052,0,0.0
795,1550.0,0.8,0,0.0
796,1560.0,0.7948717948717948,0,0.0
797,1570.0,0.7898089171974523,0,0.0
798,1580.0,0.7848101265822784,0,0.0
799,1590.0,0.779874213836478,0,0.0
800,1600.0,0.775,0,0.0
801,1610.0,0.7701863354037267,0,0.0
802,1620.0,0.7654320987654321,0,0.0
803,1630.0,0.7607361963190185,0,0.0
804,1640.0,0.7560975609756098,0,0.0
805,1650.0,0.7515151515151515,0,0.0
806,1660.0,0.7469879518072289,0,0.0
807,1670.0,0.7425149700598802,0,0.0
808,1680.0,0.7380952380952381,0,0.0
809,1690.0,0.7337278106508875,0,0.0
810,1700.0,0.7294117647058823,0,0.0
811,1710.0,0.7251461988304093,0,0.0
812,1720.0,0.7209302325581395,0,0.0
813,1730.0,0.7167630057803468,0,0.0
814,1740.0,0.7126436781609196,0,0.0
815,1750.0,0.7085714285714285,0,0.0
816,400.0,3.1,2,-4.479499999999999
817,410.0,3.024390243902439,2,-4.0365
818,420.0,2.952380952380953,2,-2.63975
819,430.0,2.883720930232558,2,-1.63753841
820,440.0,2.8181818181818183,2,-1.243
821,450.0,2.7555555555555555,2,-0.94925
822,460.0,2.6956521739130435,2,-0.66775
823,470.0,2.6382978723404253,2,-0.51275
824,480.0,2.583333333333333,2,-0.38275
825,490.0,2.5306122448979598,2,-0.292
826,500.0,2.48,2,-0.2392232024999999
827,510.0,2.431372549019608,2,-0.1857768875
828,520.0,2.3846153846153846,2,-0.1454709175
829,530.0,2.339622641509434,2,-0.112743055
830,540.0,2.2962962962962963,2,-0.0778346824999999
831,550.0,2.2545454545454544,2,-0.050954035
832,560.0,2.2142857142857144,2,-0.038297255
833,570.0,2.175438596491228,2,-0.0305084525
834,580.0,2.1379310344827585,2,-0.028156656
835,590.0,2.101694915254237,2,-0.0190408505
836,600.0,2.066666666666667,2,-0.0200529606999999
837,610.0,2.0327868852459017,2,-0.023416056
838,620.0,2.0,2,-0.0290587027499999
839,630.0,1.968253968253968,2,-0.030794714
840,640.0,1.9375,2,-0.0349432695025
841,650.0,1.907692307692308,2,-0.0376755949999999
842,660.0,1.878787878787879,2,-0.04260848925
843,670.0,1.8507462686567164,2,-0.04671976225
844,680.0,1.8235294117647056,2,-0.0505025225
845,690.0,1.7971014492753623,2,-0.05452894875
846,700.0,1.7714285714285714,2,-0.05932301575
847,710.0,1.7464788732394363,2,-0.059712422575
848,720.0,1.7222222222222223,2,-0.060710276175
849,730.0,1.6986301369863013,2,-0.06448563275
850,740.0,1.6756756756756757,2,-0.064424395
851,750.0,1.653333333333333,2,-0.066092655
852,760.0,1.631578947368421,2,-0.07184424
853,770.0,1.6103896103896105,2,-0.0711113449999999
854,780.0,1.5897435897435896,2,-0.0697332575
855,790.0,1.5696202531645569,2,-0.07491812
856,800.0,1.55,2,-0.08277573
857,810.0,1.530864197530864,2,-0.0754958275
858,820.0,1.5121951219512195,2,-0.0775171599999999
859,830.0,1.4939759036144578,2,-0.078408625
860,840.0,1.4761904761904765,2,-0.074740735525
861,850.0,1.4588235294117646,2,-0.07731145725
862,860.0,1.441860465116279,2,-0.0790196854999999
863,870.0,1.4252873563218391,2,-0.080801786
864,880.0,1.4090909090909092,2,-0.08317123275
865,890.0,1.3932584269662922,2,-0.0771515774999999
866,900.0,1.3777777777777778,2,-0.080809947
867,910.0,1.362637362637363,2,-0.081295354
868,920.0,1.3478260869565215,2,-0.085348279
869,930.0,1.3333333333333333,2,-0.0752311349999999
870,940.0,1.319148936170213,2,-0.0651534875
871,950.0,1.305263157894737,2,-0.0830076325
872,960.0,1.2916666666666667,2,-0.0869858999999999
873,970.0,1.2783505154639174,2,-0.069247675
874,980.0,1.2653061224489797,2,-0.0947499999999999
875,990.0,1.2525252525252526,2,-0.0945
876,1000.0,1.24,2,-0.04875
877,1010.0,1.2277227722772277,2,-0.0667499999999999
878,1020.0,1.2156862745098038,2,-0.02625
879,1030.0,1.203883495145631,2,-0.025980556629389917
880,1040.0,1.1923076923076923,2,-0.02551279619415416
881,1050.0,1.180952380952381,2,-0.02632709230891376
882,1060.0,1.169811320754717,2,-0.023706779584212113
883,1070.0,1.158878504672897,2,-0.0270563148193886
884,1080.0,1.148148148148148,2,-0.02698858501847047
885,1090.0,1.1376146788990826,2,-0.027094896610114216
886,1100.0,1.1272727272727272,2,-0.024056963680357483
887,1110.0,1.117117117117117,2,-0.020124910622599388
888,1120.0,1.1071428571428572,2,-0.018820206609372753
889,1130.0,1.0973451327433628,2,-0.021257597137563814
890,1140.0,1.087719298245614,2,-0.015803348231673335
891,1150.0,1.0782608695652174,2,-0.014229283179905784
892,1160.0,1.0689655172413792,2,-0.015577111993709803
893,1170.0,1.0598290598290598,2,-0.015537757264602558
894,1180.0,1.0508474576271187,2,-0.011612338697022854
895,1190.0,1.0420168067226891,2,-0.011814106335536407
896,1200.0,1.0333333333333334,2,-0.005091804704446196
897,1210.0,1.024793388429752,2,-0.006804888069581096
898,1220.0,1.0163934426229508,2,-0.009093994854520695
899,1230.0,1.008130081300813,2,-0.0032745577544895377
900,1240.0,1.0,2,-0.00011609927719114016
901,1250.0,0.992,2,-0.007382850593942494
902,1260.0,0.984126984126984,2,-0.009675254348163138
903,1270.0,0.9763779527559056,2,-0.005943266989874946
904,1280.0,0.96875,2,-0.006834973682293664
905,1290.0,0.9612403100775194,2,-0.0038051240413668145
906,1300.0,0.953846153846154,2,-0.0027595780342767303
907,1310.0,0.9465648854961832,2,-0.0020846443072037833
908,1320.0,0.9393939393939394,2,-0.003192473910272158
909,1330.0,0.9323308270676692,2,-0.0019137991193008185
910,1340.0,0.9253731343283582,2,-0.002342940898705269
911,1350.0,0.9185185185185184,2,-0.0025810206662738888
912,1360.0,0.9117647058823528,2,-0.003961502132979853
913,1370.0,0.9051094890510948,2,-0.0036754878973847232
914,1380.0,0.8985507246376812,2,-0.0016210209970066
915,1390.0,0.8920863309352518,2,-0.0025775651770386424
916,1400.0,0.8857142857142857,2,0.0025749328856122322
917,1410.0,0.8794326241134752,2,-0.0024833957223557115
918,1420.0,0.8732394366197183,2,0.0006601913713276268
919,1430.0,0.8671328671328671,2,0.0026195791090993167
920,1440.0,0.8611111111111112,2,0.0026087727177994628
921,1450.0,0.8551724137931035,2,-0.0006088051005763854
922,1460.0,0.8493150684931506,2,-0.001339842603085602
923,1470.0,0.8435374149659864,2,-0.0009169076786340239
924,1480.0,0.8378378378378378,2,0.00025856816444631603
925,1490.0,0.8322147651006712,2,4.72610654301084e-05
926,1500.0,0.8266666666666667,2,0.0008801408799426369
927,1510.0,0.8211920529801324,2,0.0029868428086875136
928,1520.0,0.8157894736842105,2,0.0025789685087266117
929,1530.0,0.8104575163398693,2,0.005127583518306439
930,1540.0,0.8051948051948052,2,0.004333896226436292
931,1550.0,0.8,2,0.0009830694837256123
932,1560.0,0.7948717948717948,2,0.0025805573947797326
933,1570.0,0.7898089171974523,2,0.0023347900238482803
934,1580.0,0.7848101265822784,2,0.0011059531691913138
935,1590.0,0.779874213836478,2,-0.00012288368546570154
936,1600.0,0.775,2,0.0023347900238482803
937,1610.0,0.7701863354037267,2,0.002580557394779683
938,1620.0,0.7654320987654321,2,0.0030720921366425387
939,1630.0,0.7607361963190185,2,0.001843255281985474
940,1640.0,0.7560975609756098,2,-0.0024576737093140308
941,1650.0,0.7515151515151515,2,-0.0035636268785053447
942,1660.0,0.7469879518072289,2,-0.012165484861104452
943,1670.0,0.7425149700598802,2,-0.037110873010641865
944,1680.0,0.7380952380952381,2,-0.05886128533807109
945,1690.0,0.7337278106508875,2,-0.0680775617479986
946,1700.0,0.7294117647058823,2,-0.07508193181954365
947,1710.0,0.7251461988304093,2,-0.06131895904738507
948,1720.0,0.7209302325581395,2,-0.04967514983851445
949,1730.0,0.7167630057803468,2,-0.054706706883883204
950,1740.0,0.7126436781609196,2,-0.07445759422112433
951,1750.0,0.7085714285714285,2,-0.05708086785748526
952,400.0,3.1,4,-7.5965
953,410.0,3.024390243902439,4,-6.758
954,420.0,2.952380952380953,4,-4.606249999999999
955,430.0,2.883720930232558,4,-3.03628841
956,440.0,2.8181818181818183,4,-2.22725
957,450.0,2.7555555555555555,4,-1.7205
958,460.0,2.6956521739130435,4,-1.2935
959,470.0,2.6382978723404253,4,-1.0359999999999998
960,480.0,2.583333333333333,4,-0.7892500000000001
961,490.0,2.5306122448979598,4,-0.607
962,500.0,2.48,4,-0.481
963,510.0,2.431372549019608,4,-0.3697906299999999
964,520.0,2.3846153846153846,4,-0.2903609025
965,530.0,2.339622641509434,4,-0.21776875
966,540.0,2.2962962962962963,4,-0.15768442
967,550.0,2.2545454545454544,4,-0.11810839
968,560.0,2.2142857142857144,4,-0.0836517849999999
969,570.0,2.175438596491228,4,-0.0621866799999999
970,580.0,2.1379310344827585,4,-0.0515591935
971,590.0,2.101694915254237,4,-0.043694788
972,600.0,2.066666666666667,4,-0.0453350007
973,610.0,2.0327868852459017,4,-0.0527173134999999
974,620.0,2.0,4,-0.05905811275
975,630.0,1.968253968253968,4,-0.0651261289999999
976,640.0,1.9375,4,-0.0735675395025
977,650.0,1.907692307692308,4,-0.0819575525
978,660.0,1.878787878787879,4,-0.09204237925
979,670.0,1.8507462686567164,4,-0.0990664347499999
980,680.0,1.8235294117647056,4,-0.1061292125
981,690.0,1.7971014492753623,4,-0.11278925125
982,700.0,1.7714285714285714,4,-0.11946522825
983,710.0,1.7464788732394363,4,-0.1238016875749999
984,720.0,1.7222222222222223,4,-0.127244953675
985,730.0,1.6986301369863013,4,-0.12917448275
986,740.0,1.6756756756756757,4,-0.13459912
987,750.0,1.653333333333333,4,-0.1368590825
988,760.0,1.631578947368421,4,-0.144701065
989,770.0,1.6103896103896105,4,-0.14344326
990,780.0,1.5897435897435896,4,-0.14803833
991,790.0,1.5696202531645569,4,-0.15005421
992,800.0,1.55,4,-0.1568098725
993,810.0,1.530864197530864,4,-0.157679435
994,820.0,1.5121951219512195,4,-0.1618997825
995,830.0,1.4939759036144578,4,-0.16359953
996,840.0,1.4761904761904765,4,-0.1625876825
997,850.0,1.4588235294117646,4,-0.1660771025
998,860.0,1.441860465116279,4,-0.16707838
999,870.0,1.4252873563218391,4,-0.177231785
1000,880.0,1.4090909090909092,4,-0.1770617125
1001,890.0,1.3932584269662922,4,-0.182511025
1002,900.0,1.3777777777777778,4,-0.18371814
1003,910.0,1.362637362637363,4,-0.1801467075
1004,920.0,1.3478260869565215,4,-0.1789712325
1005,930.0,1.3333333333333333,4,-0.1720059974999999
1006,940.0,1.319148936170213,4,-0.1803380475
1007,950.0,1.305263157894737,4,-0.1983469424999999
1008,960.0,1.2916666666666667,4,-0.1640130454999999
1009,970.0,1.2783505154639174,4,-0.133362355
1010,980.0,1.2653061224489797,4,-0.20314445325
1011,990.0,1.2525252525252526,4,-0.2203542399999999
1012,1000.0,1.24,4,-0.1435785425
1013,1010.0,1.2277227722772277,4,-0.1234999999999999
1014,1020.0,1.2156862745098038,4,-0.087
1015,1030.0,1.203883495145631,4,-0.0967852285355687
1016,1040.0,1.1923076923076923,4,-0.09432484282460019
1017,1050.0,1.180952380952381,4,-0.0867896804269267
1018,1060.0,1.169811320754717,4,-0.09174864392413183
1019,1070.0,1.158878504672897,4,-0.09502441734208204
1020,1080.0,1.148148148148148,4,-0.08874529935573451
1021,1090.0,1.1376146788990826,4,-0.08866412598009317
1022,1100.0,1.1272727272727272,4,-0.08458867452595469
1023,1110.0,1.117117117117117,4,-0.07990308618837595
1024,1120.0,1.1071428571428572,4,-0.08001504473468166
1025,1130.0,1.0973451327433628,4,-0.08234600254046004
1026,1140.0,1.087719298245614,4,-0.07076384503653443
1027,1150.0,1.0782608695652174,4,-0.05941085428214148
1028,1160.0,1.0689655172413792,4,-0.055159874549502864
1029,1170.0,1.0598290598290598,4,-0.050686479006339276
1030,1180.0,1.0508474576271187,4,-0.04438839005055521
1031,1190.0,1.0420168067226891,4,-0.03777402327335687
1032,1200.0,1.0333333333333334,4,-0.03250463135163224
1033,1210.0,1.024793388429752,4,-0.03482328521362135
1034,1220.0,1.0163934426229508,4,-0.03088957836066539
1035,1230.0,1.008130081300813,4,-0.022399700641700316
1036,1240.0,1.0,4,-0.02709918115199338
1037,1250.0,0.992,4,-0.03237244124197583
1038,1260.0,0.984126984126984,4,-0.03269336009243895
1039,1270.0,0.9763779527559056,4,-0.026889907839215615
1040,1280.0,0.96875,4,-0.02798040088995453
1041,1290.0,0.9612403100775194,4,-0.025889373852372517
1042,1300.0,0.953846153846154,4,-0.019436677959695215
1043,1310.0,0.9465648854961832,4,-0.01914541570992656
1044,1320.0,0.9393939393939394,4,-0.01705256665303026
1045,1330.0,0.9323308270676692,4,-0.014301960895069538
1046,1340.0,0.9253731343283582,4,-0.01471409664036548
1047,1350.0,0.9185185185185184,4,-0.01671432219578964
1048,1360.0,0.9117647058823528,4,-0.014477095014566193
1049,1370.0,0.9051094890510948,4,-0.013619796090940743
1050,1380.0,0.8985507246376812,4,-0.021601169279745567
1051,1390.0,0.8920863309352518,4,-0.027729810439301204
1052,1400.0,0.8857142857142857,4,-0.009935738537410047
1053,1410.0,0.8794326241134752,4,-0.015270372855295405
1054,1420.0,0.8732394366197183,4,-0.011238964805471971
1055,1430.0,0.8671328671328671,4,-0.00741761645428078
1056,1440.0,0.8611111111111112,4,-0.0031739750348508586
1057,1450.0,0.8551724137931035,4,-0.002950063738695476
1058,1460.0,0.8493150684931506,4,-0.005682509200224722
1059,1470.0,0.8435374149659864,4,-0.0059538664203265396
1060,1480.0,0.8378378378378378,4,-0.004886495432296118
1061,1490.0,0.8322147651006712,4,-0.002720993596761657
1062,1500.0,0.8266666666666667,4,0.001461754120962028
1063,1510.0,0.8211920529801324,4,0.0034751067169177317
1064,1520.0,0.8157894736842105,4,0.0016793743302802359
1065,1530.0,0.8104575163398693,4,0.004391226916038995
1066,1540.0,0.8051948051948052,4,0.005075430913364284
1067,1550.0,0.8,4,-0.0023185823723658105
1068,1560.0,0.7948717948717948,4,-0.003477873558548832
1069,1570.0,0.7898089171974523,4,0.0027050127677602028
1070,1580.0,0.7848101265822784,4,0.003477873558548755
1071,1590.0,0.779874213836478,4,-0.0021253671746687304
1072,1600.0,0.775,4,-0.0038643039539431466
1073,1610.0,0.7701863354037267,4,-0.003477873558548832
1074,1620.0,0.7654320987654321,4,-0.008694683896372003
1075,1630.0,0.7607361963190185,4,-0.013525063838801015
1076,1640.0,0.7560975609756098,4,-0.01893508937432142
1077,1650.0,0.7515151515151515,4,-0.03574481157397403
1078,1660.0,0.7469879518072289,4,-0.06994390156637095
1079,1670.0,0.7425149700598802,4,-0.12887453686400396
1080,1680.0,0.7380952380952381,4,-0.2028759575820152
1081,1690.0,0.7337278106508875,4,-0.24712223785466422
1082,1700.0,0.7294117647058823,4,-0.2567829977395222
1083,1710.0,0.7251461988304093,4,-0.24318559065282971
1084,1720.0,0.7209302325581395,4,-0.23301752842277174
1085,1730.0,0.7167630057803468,4,-0.21804901373868657
1086,1740.0,0.7126436781609196,4,-0.20484170774971433
1087,1750.0,0.7085714285714285,4,-0.17179921552364447
1088,400.0,3.1,6,-9.053
1089,410.0,3.024390243902439,6,-7.69275
1090,420.0,2.952380952380953,6,-5.49575
1091,430.0,2.883720930232558,6,-3.8965384099999993
1092,440.0,2.8181818181818183,6,-2.9905
1093,450.0,2.7555555555555555,6,-2.323
1094,460.0,2.6956521739130435,6,-1.8065
1095,470.0,2.6382978723404253,6,-1.4400000000000002
1096,480.0,2.583333333333333,6,-1.11325
1097,490.0,2.5306122448979598,6,-0.876
1098,500.0,2.48,6,-0.703
1099,510.0,2.431372549019608,6,-0.5662906299999999
1100,520.0,2.3846153846153846,6,-0.4396109025
1101,530.0,2.339622641509434,6,-0.33476875
1102,540.0,2.2962962962962963,6,-0.2506844199999999
1103,550.0,2.2545454545454544,6,-0.189218545
1104,560.0,2.2142857142857144,6,-0.1430472425
1105,570.0,2.175438596491228,6,-0.1129369874999999
1106,580.0,2.1379310344827585,6,-0.095586536
1107,590.0,2.101694915254237,6,-0.0832375229999999
1108,600.0,2.066666666666667,6,-0.0829803207
1109,610.0,2.0327868852459017,6,-0.0914296759999999
1110,620.0,2.0,6,-0.1008993227499999
1111,630.0,1.968253968253968,6,-0.1150851515
1112,640.0,1.9375,6,-0.1256484245025
1113,650.0,1.907692307692308,6,-0.1373604975
1114,660.0,1.878787878787879,6,-0.14833484175
1115,670.0,1.8507462686567164,6,-0.15681643475
1116,680.0,1.8235294117647056,6,-0.1648792125
1117,690.0,1.7971014492753623,6,-0.17103925125
1118,700.0,1.7714285714285714,6,-0.1809652282499999
1119,710.0,1.7464788732394363,6,-0.1865516875749999
1120,720.0,1.7222222222222223,6,-0.1892449536749999
1121,730.0,1.6986301369863013,6,-0.19417448275
1122,740.0,1.6756756756756757,6,-0.1983491199999999
1123,750.0,1.653333333333333,6,-0.2036090825
1124,760.0,1.631578947368421,6,-0.212451065
1125,770.0,1.6103896103896105,6,-0.21569326
1126,780.0,1.5897435897435896,6,-0.22078833
1127,790.0,1.5696202531645569,6,-0.2253042099999999
1128,800.0,1.55,6,-0.2350598725
1129,810.0,1.530864197530864,6,-0.237429435
1130,820.0,1.5121951219512195,6,-0.2436497824999999
1131,830.0,1.4939759036144578,6,-0.2480995299999999
1132,840.0,1.4761904761904765,6,-0.2508376825
1133,850.0,1.4588235294117646,6,-0.2612045574999999
1134,860.0,1.441860465116279,6,-0.2648691625
1135,870.0,1.4252873563218391,6,-0.269731785
1136,880.0,1.4090909090909092,6,-0.2791644825
1137,890.0,1.3932584269662922,6,-0.2920199899999999
1138,900.0,1.3777777777777778,6,-0.3051751525
1139,910.0,1.362637362637363,6,-0.3095438499999999
1140,920.0,1.3478260869565215,6,-0.330378825
1141,930.0,1.3333333333333333,6,-0.3223578575
1142,940.0,1.319148936170213,6,-0.3285630875
1143,950.0,1.305263157894737,6,-0.3582499999999999
1144,960.0,1.2916666666666667,6,-0.34625
1145,970.0,1.2783505154639174,6,-0.34175
1146,980.0,1.2653061224489797,6,-0.36475
1147,990.0,1.2525252525252526,6,-0.40451294
1148,1000.0,1.24,6,-0.3608046375
1149,1010.0,1.2277227722772277,6,-0.3484366749999999
1150,1020.0,1.2156862745098038,6,-0.3129263225
1151,1030.0,1.203883495145631,6,-0.3173276620945364
1152,1040.0,1.1923076923076923,6,-0.31241619648134034
1153,1050.0,1.180952380952381,6,-0.3138770456504337
1154,1060.0,1.169811320754717,6,-0.31276943039895483
1155,1070.0,1.158878504672897,6,-0.321664960287501
1156,1080.0,1.148148148148148,6,-0.32873883884751126
1157,1090.0,1.1376146788990826,6,-0.3365294564280886
1158,1100.0,1.1272727272727272,6,-0.29474274228635905
1159,1110.0,1.117117117117117,6,-0.27733406078778083
1160,1120.0,1.1071428571428572,6,-0.2613676515865418
1161,1130.0,1.0973451327433628,6,-0.24558006351804393
1162,1140.0,1.087719298245614,6,-0.20496123108825912
1163,1150.0,1.0782608695652174,6,-0.18134151230678439
1164,1160.0,1.0689655172413792,6,-0.16741643336291817
1165,1170.0,1.0598290598290598,6,-0.151051397112755
1166,1180.0,1.0508474576271187,6,-0.13432731561643105
1167,1190.0,1.0420168067226891,6,-0.13274924769214222
1168,1200.0,1.0333333333333334,6,-0.10367445316361054
1169,1210.0,1.024793388429752,6,-0.10984790474202638
1170,1220.0,1.0163934426229508,6,-0.10382057530974181
1171,1230.0,1.008130081300813,6,-0.07368780406731441
1172,1240.0,1.0,6,-0.059783852451899176
1173,1250.0,0.992,6,-0.06844488414132271
1174,1260.0,0.984126984126984,6,-0.06456626220228845
1175,1270.0,0.9763779527559056,6,-0.04501930912235535
1176,1280.0,0.96875,6,-0.04347547448761028
1177,1290.0,0.9612403100775194,6,-0.038413549778922924
1178,1300.0,0.953846153846154,6,-0.023394271873185095
1179,1310.0,0.9465648854961832,6,-0.024087296389371453
1180,1320.0,0.9393939393939394,6,-0.004511732907379275
1181,1330.0,0.9323308270676692,6,-0.0036200267435249796
1182,1340.0,0.9253731343283582,6,0.005607026816367302
1183,1350.0,0.9185185185185184,6,-0.005034165988828618
1184,1360.0,0.9117647058823528,6,-0.015974697038027966
1185,1370.0,0.9051094890510948,6,-0.003819283659169944
1186,1380.0,0.8985507246376812,6,-0.014258745080436067
1187,1390.0,0.8920863309352518,6,-0.01917300747518098
1188,1400.0,0.8857142857142857,6,0.04368113533941707
1189,1410.0,0.8794326241134752,6,0.03553131951587622
1190,1420.0,0.8732394366197183,6,0.024351205673819532
1191,1430.0,0.8671328671328671,6,0.039857263306141096
1192,1440.0,0.8611111111111112,6,0.053433199976879855
1193,1450.0,0.8551724137931035,6,0.05690683427992277
1194,1460.0,0.8493150684931506,6,0.06164982185421284
1195,1470.0,0.8435374149659864,6,0.06048456250746239
1196,1480.0,0.8378378378378378,6,0.06918276222009544
1197,1490.0,0.8322147651006712,6,0.06463318300368223
1198,1500.0,0.8266666666666667,6,0.0765280265083002
1199,1510.0,0.8211920529801324,6,0.09155322539029324
1200,1520.0,0.8157894736842105,6,0.08600573982954798
1201,1530.0,0.8104575163398693,6,0.09318888870587154
1202,1540.0,0.8051948051948052,6,0.08377507194922236
1203,1550.0,0.8,6,0.06731859308015753
1204,1560.0,0.7948717948717948,6,0.06068873164044504
1205,1570.0,0.7898089171974523,6,0.06578862505560829
1206,1580.0,0.7848101265822784,6,0.0647686463725758
1207,1590.0,0.779874213836478,6,0.043859083370405456
1208,1600.0,0.775,6,0.041819126004340075
1209,1610.0,0.7701863354037267,6,0.038759189955242
1210,1620.0,0.7654320987654321,6,0.033659296540078765
1211,1630.0,0.7607361963190185,6,0.029069392466431455
1212,1640.0,0.7560975609756098,6,0.0035699253906144143
1213,1650.0,0.7515151515151515,6,-0.046409030077987384
1214,1660.0,0.7469879518072289,6,-0.16370657862674673
1215,1670.0,0.7425149700598802,6,-0.39014184626000364
1216,1680.0,0.7380952380952381,6,-0.6624761546297319
1217,1690.0,0.7337278106508875,6,-0.8221028185243477
1218,1700.0,0.7294117647058823,6,-0.8414775584034379
1219,1710.0,0.7251461988304093,6,-0.7173065622057776
1220,1720.0,0.7209302325581395,6,-0.5523184568622013
1221,1730.0,0.7167630057803468,6,-0.46844015797036265
1222,1740.0,0.7126436781609196,6,-0.42235985682212984
1223,1750.0,0.7085714285714285,6,-0.3050551990219498
1224,400.0,3.1,8,-6.922999999999999
1225,410.0,3.024390243902439,8,-6.46975
1226,420.0,2.952380952380953,8,-4.875
1227,430.0,2.883720930232558,8,-3.66503841
1228,440.0,2.8181818181818183,8,-2.8847500000000004
1229,450.0,2.7555555555555555,8,-2.3977500000000003
1230,460.0,2.6956521739130435,8,-1.93375
1231,470.0,2.6382978723404253,8,-1.6122499999999995
1232,480.0,2.583333333333333,8,-1.2952500000000002
1233,490.0,2.5306122448979598,8,-1.05025
1234,500.0,2.48,8,-0.86075
1235,510.0,2.431372549019608,8,-0.6895406300000001
1236,520.0,2.3846153846153846,8,-0.5553609025
1237,530.0,2.339622641509434,8,-0.43576875
1238,540.0,2.2962962962962963,8,-0.33218442
1239,550.0,2.2545454545454544,8,-0.261218545
1240,560.0,2.2142857142857144,8,-0.1990472425
1241,570.0,2.175438596491228,8,-0.1620962499999999
1242,580.0,2.1379310344827585,8,-0.136142206
1243,590.0,2.101694915254237,8,-0.126860148
1244,600.0,2.066666666666667,8,-0.1246453907
1245,610.0,2.0327868852459017,8,-0.1340868635
1246,620.0,2.0,8,-0.1481493227499999
1247,630.0,1.968253968253968,8,-0.1633351515
1248,640.0,1.9375,8,-0.1741484245025
1249,650.0,1.907692307692308,8,-0.1913604975
1250,660.0,1.878787878787879,8,-0.20433484175
1251,670.0,1.8507462686567164,8,-0.2135664347499999
1252,680.0,1.8235294117647056,8,-0.2243792125
1253,690.0,1.7971014492753623,8,-0.23003925125
1254,700.0,1.7714285714285714,8,-0.23846522825
1255,710.0,1.7464788732394363,8,-0.244301687575
1256,720.0,1.7222222222222223,8,-0.248994953675
1257,730.0,1.6986301369863013,8,-0.25267448275
1258,740.0,1.6756756756756757,8,-0.2598491199999999
1259,750.0,1.653333333333333,8,-0.2666090825
1260,760.0,1.631578947368421,8,-0.2752010649999999
1261,770.0,1.6103896103896105,8,-0.27694326
1262,780.0,1.5897435897435896,8,-0.28228833
1263,790.0,1.5696202531645569,8,-0.28830421
1264,800.0,1.55,8,-0.2965598725
1265,810.0,1.530864197530864,8,-0.2976794349999999
1266,820.0,1.5121951219512195,8,-0.3053997825
1267,830.0,1.4939759036144578,8,-0.31234953
1268,840.0,1.4761904761904765,8,-0.3158376825
1269,850.0,1.4588235294117646,8,-0.3237045574999999
1270,860.0,1.441860465116279,8,-0.3303691625
1271,870.0,1.4252873563218391,8,-0.343481785
1272,880.0,1.4090909090909092,8,-0.3591644825
1273,890.0,1.3932584269662922,8,-0.3740199899999999
1274,900.0,1.3777777777777778,8,-0.3914251525
1275,910.0,1.362637362637363,8,-0.40404385
1276,920.0,1.3478260869565215,8,-0.417628825
1277,930.0,1.3333333333333333,8,-0.4321078574999999
1278,940.0,1.319148936170213,8,-0.4418130875
1279,950.0,1.305263157894737,8,-0.46225
1280,960.0,1.2916666666666667,8,-0.4685
1281,970.0,1.2783505154639174,8,-0.474
1282,980.0,1.2653061224489797,8,-0.501
1283,990.0,1.2525252525252526,8,-0.5405000000000001
1284,1000.0,1.24,8,-0.5407500000000001
1285,1010.0,1.2277227722772277,8,-0.5116616325
1286,1020.0,1.2156862745098038,8,-0.461155615
1287,1030.0,1.203883495145631,8,-0.4764629704076426
1288,1040.0,1.1923076923076923,8,-0.4789793754984111
1289,1050.0,1.180952380952381,8,-0.4719744277443511
1290,1060.0,1.169811320754717,8,-0.4634570434802482
1291,1070.0,1.158878504672897,8,-0.4697505606509736
1292,1080.0,1.148148148148148,8,-0.4607122415417096
1293,1090.0,1.1376146788990826,8,-0.4583331568691465
1294,1100.0,1.1272727272727272,8,-0.43803234080606473
1295,1110.0,1.117117117117117,8,-0.4141164509671874
1296,1120.0,1.1071428571428572,8,-0.411342154001725
1297,1130.0,1.0973451327433628,8,-0.37159217497707164
1298,1140.0,1.087719298245614,8,-0.31802862145028976
1299,1150.0,1.0782608695652174,8,-0.292062669231151
1300,1160.0,1.0689655172413792,8,-0.27618156707924685
1301,1170.0,1.0598290598290598,8,-0.24102145140233686
1302,1180.0,1.0508474576271187,8,-0.20941160840037412
1303,1190.0,1.0420168067226891,8,-0.1978264569198885
1304,1200.0,1.0333333333333334,8,-0.15706923378643045
1305,1210.0,1.024793388429752,8,-0.1506665697418777
1306,1220.0,1.0163934426229508,8,-0.1407888974840268
1307,1230.0,1.008130081300813,8,-0.11513572422450542
1308,1240.0,1.0,8,-0.09596455083829523
1309,1250.0,0.992,8,-0.1054857404070818
1310,1260.0,0.984126984126984,8,-0.09895245500231344
1311,1270.0,0.9763779527559056,8,-0.08793831670913009
1312,1280.0,0.96875,8,-0.08366652035797412
1313,1290.0,0.9612403100775194,8,-0.07318096981604488
1314,1300.0,0.953846153846154,8,-0.05051522669332332
1315,1310.0,0.9465648854961832,8,-0.04782984143312822
1316,1320.0,0.9393939393939394,8,-0.052433204022657706
1317,1330.0,0.9323308270676692,8,-0.026750298722603774
1318,1340.0,0.9253731343283582,8,-0.02263919233152126
1319,1350.0,0.9185185185185184,8,-0.017579462670947232
1320,1360.0,0.9117647058823528,8,-0.03395444851474885
1321,1370.0,0.9051094890510948,8,-0.024563525839157684
1322,1380.0,0.8985507246376812,8,-0.06891592571926657
1323,1390.0,0.8920863309352518,8,-0.06236880293329578
1324,1400.0,0.8857142857142857,8,0.007402912038310867
1325,1410.0,0.8794326241134752,8,-0.0003750240003639556
1326,1420.0,0.8732394366197183,8,0.009735597346644581
1327,1430.0,0.8671328671328671,8,0.043894309456777164
1328,1440.0,0.8611111111111112,8,0.04565285563165166
1329,1450.0,0.8551724137931035,8,0.04485192870948037
1330,1460.0,0.8493150684931506,8,0.05418896397088195
1331,1470.0,0.8435374149659864,8,0.05877919600646157
1332,1480.0,0.8378378378378378,8,0.062495385054913574
1333,1490.0,0.8322147651006712,8,0.07939133207872194
1334,1500.0,0.8266666666666667,8,0.09009576732223845
1335,1510.0,0.8211920529801324,8,0.08665211232256007
1336,1520.0,0.8157894736842105,8,0.0840830691426714
1337,1530.0,0.8104575163398693,8,0.08623457334767341
1338,1540.0,0.8051948051948052,8,0.08757298919886683
1339,1550.0,0.8,8,0.07110408276219043
1340,1560.0,0.7948717948717948,8,0.06583711366869463
1341,1570.0,0.7898089171974523,8,0.06794390130609286
1342,1580.0,0.7848101265822784,8,0.062150235303247925
1343,1590.0,0.779874213836478,8,0.043715843476013164
1344,1600.0,0.775,8,0.036342086745119344
1345,1610.0,0.7701863354037267,8,0.03528869292642022
1346,1620.0,0.7654320987654321,8,0.021067876373982348
1347,1630.0,0.7607361963190185,8,0.0031601814560971416
1348,1640.0,0.7560975609756098,8,-0.03686878365446911
1349,1650.0,0.7515151515151515,8,-0.09375204986422124
1350,1660.0,0.7469879518072289,8,-0.2486009412129917
1351,1670.0,0.7425149700598802,8,-0.5999077797491471
1352,1680.0,0.7380952380952381,8,-0.9907168864865197
1353,1690.0,0.7337278106508875,8,-1.2298372833312197
1354,1700.0,0.7294117647058823,8,-1.2608542431101135
1355,1710.0,0.7251461988304093,8,-1.084995633260091
1356,1720.0,0.7209302325581395,8,-0.928566651183272
1357,1730.0,0.7167630057803468,8,-0.84510062853778
1358,1740.0,0.7126436781609196,8,-0.7353604727775508
1359,1750.0,0.7085714285714285,8,-0.6832101365970283
1360,400.0,3.1,10,-2.643
1361,410.0,3.024390243902439,10,-3.1454999999999997
1362,420.0,2.952380952380953,10,-3.01275
1363,430.0,2.883720930232558,10,-2.62428841
1364,440.0,2.8181818181818183,10,-2.3185
1365,450.0,2.7555555555555555,10,-2.12175
1366,460.0,2.6956521739130435,10,-1.80925
1367,470.0,2.6382978723404253,10,-1.5347499999999998
1368,480.0,2.583333333333333,10,-1.2925
1369,490.0,2.5306122448979598,10,-1.10525
1370,500.0,2.48,10,-0.9315
1371,510.0,2.431372549019608,10,-0.7665406299999998
1372,520.0,2.3846153846153846,10,-0.6368609025
1373,530.0,2.339622641509434,10,-0.5107687499999999
1374,540.0,2.2962962962962963,10,-0.4054344199999999
1375,550.0,2.2545454545454544,10,-0.322468545
1376,560.0,2.2142857142857144,10,-0.2602972425
1377,570.0,2.175438596491228,10,-0.22134625
1378,580.0,2.1379310344827585,10,-0.1961422059999999
1379,590.0,2.101694915254237,10,-0.1796101479999999
1380,600.0,2.066666666666667,10,-0.1781453907
1381,610.0,2.0327868852459017,10,-0.1870868635
1382,620.0,2.0,10,-0.19864932275
1383,630.0,1.968253968253968,10,-0.2148351515
1384,640.0,1.9375,10,-0.2318984245024999
1385,650.0,1.907692307692308,10,-0.2471104975
1386,660.0,1.878787878787879,10,-0.26283484175
1387,670.0,1.8507462686567164,10,-0.27056643475
1388,680.0,1.8235294117647056,10,-0.2768792124999999
1389,690.0,1.7971014492753623,10,-0.2850392512499999
1390,700.0,1.7714285714285714,10,-0.29271522825
1391,710.0,1.7464788732394363,10,-0.2985516875749999
1392,720.0,1.7222222222222223,10,-0.3019949536749999
1393,730.0,1.6986301369863013,10,-0.30717448275
1394,740.0,1.6756756756756757,10,-0.31534912
1395,750.0,1.653333333333333,10,-0.3198590825
1396,760.0,1.631578947368421,10,-0.330451065
1397,770.0,1.6103896103896105,10,-0.33169326
1398,780.0,1.5897435897435896,10,-0.33203833
1399,790.0,1.5696202531645569,10,-0.3370542099999999
1400,800.0,1.55,10,-0.3433098724999999
1401,810.0,1.530864197530864,10,-0.341929435
1402,820.0,1.5121951219512195,10,-0.3486497825
1403,830.0,1.4939759036144578,10,-0.3558495300000001
1404,840.0,1.4761904761904765,10,-0.3703376825
1405,850.0,1.4588235294117646,10,-0.3834545575
1406,860.0,1.441860465116279,10,-0.3911191625
1407,870.0,1.4252873563218391,10,-0.4042317849999999
1408,880.0,1.4090909090909092,10,-0.4196644825
1409,890.0,1.3932584269662922,10,-0.43626999
1410,900.0,1.3777777777777778,10,-0.4444251525
1411,910.0,1.362637362637363,10,-0.4657938499999999
1412,920.0,1.3478260869565215,10,-0.4921288249999999
1413,930.0,1.3333333333333333,10,-0.5018578575
1414,940.0,1.319148936170213,10,-0.5088130875
1415,950.0,1.305263157894737,10,-0.5455
1416,960.0,1.2916666666666667,10,-0.54175
1417,970.0,1.2783505154639174,10,-0.54475
1418,980.0,1.2653061224489797,10,-0.6042499999999998
1419,990.0,1.2525252525252526,10,-0.6197499999999999
1420,1000.0,1.24,10,-0.6309999999999999
1421,1010.0,1.2277227722772277,10,-0.6365000000000001
1422,1020.0,1.2156862745098038,10,-0.54875
1423,1030.0,1.203883495145631,10,-0.5642953257790371
1424,1040.0,1.1923076923076923,10,-0.5798406515580738
1425,1050.0,1.180952380952381,10,-0.5617044381491973
1426,1060.0,1.169811320754717,10,-0.5482318224740321
1427,1070.0,1.158878504672897,10,-0.5565226628895187
1428,1080.0,1.148148148148148,10,-0.5544499527856471
1429,1090.0,1.1376146788990826,10,-0.5492681775259681
1430,1100.0,1.1272727272727272,10,-0.5383864494806423
1431,1110.0,1.117117117117117,10,-0.49457672636921646
1432,1120.0,1.1071428571428572,10,-0.4717774023135035
1433,1130.0,1.0973451327433628,10,-0.4264160432365441
1434,1140.0,1.087719298245614,10,-0.3694134581326725
1435,1150.0,1.0782608695652174,10,-0.3409765491383382
1436,1160.0,1.0689655172413792,10,-0.31466288810198295
1437,1170.0,1.0598290598290598,10,-0.2885968589235129
1438,1180.0,1.0508474576271187,10,-0.245410840191218
1439,1190.0,1.0420168067226891,10,-0.2212487662417376
1440,1200.0,1.0333333333333334,10,-0.17780185134324822
1441,1210.0,1.024793388429752,10,-0.15876790003423047
1442,1220.0,1.0163934426229508,10,-0.15187058718484425
1443,1230.0,1.008130081300813,10,-0.12880680190155813
1444,1240.0,1.0,10,-0.11323597816100099
1445,1250.0,0.992,10,-0.09630989530099154
1446,1260.0,0.984126984126984,10,-0.08593512520184139
1447,1270.0,0.9763779527559056,10,-0.07328294570349389
1448,1280.0,0.96875,10,-0.06154902808073657
1449,1290.0,0.9612403100775194,10,-0.04794794583333336
1450,1300.0,0.953846153846154,10,-0.03509084733238906
1451,1310.0,0.9465648854961832,10,-0.018765327561378664
1452,1320.0,0.9393939393939394,10,-0.010736488066572241
1453,1330.0,0.9323308270676692,10,0.0038576451369214185
1454,1340.0,0.9253731343283582,10,0.02869932963881021
1455,1350.0,0.9185185185185184,10,0.03598309721435318
1456,1360.0,0.9117647058823528,10,0.0352160131137866
1457,1370.0,0.9051094890510948,10,0.052975107282813995
1458,1380.0,0.8985507246376812,10,0.04214349270420209
1459,1390.0,0.8920863309352518,10,0.010797428852691015
1460,1400.0,0.8857142857142857,10,0.06755098250118018
1461,1410.0,0.8794326241134752,10,0.06140387101038718
1462,1420.0,0.8732394366197183,10,0.06352232064447595
1463,1430.0,0.8671328671328671,10,0.08856081933427766
1464,1440.0,0.8611111111111112,10,0.09525521697356001
1465,1450.0,0.8551724137931035,10,0.09616564452313507
1466,1460.0,0.8493150684931506,10,0.11393922175401326
1467,1470.0,0.8435374149659864,10,0.1319278219310669
1468,1480.0,0.8378378378378378,10,0.14387474160764857
1469,1490.0,0.8322147651006712,10,0.13510669596317285
1470,1500.0,0.8266666666666667,10,0.14460163067752602
1471,1510.0,0.8211920529801324,10,0.15520447039660043
1472,1520.0,0.8157894736842105,10,0.14075889868980176
1473,1530.0,0.8104575163398693,10,0.15116644248111433
1474,1540.0,0.8051948051948052,10,0.16751035755429636
1475,1550.0,0.8,10,0.14249881964117075
1476,1560.0,0.7948717948717948,10,0.13368980169971656
1477,1570.0,0.7898089171974523,10,0.13576251180358814
1478,1580.0,0.7848101265822784,10,0.147162417374882
1479,1590.0,0.779874213836478,10,0.12021718602455131
1480,1600.0,0.775,10,0.10311732766761078
1481,1610.0,0.7701863354037267,10,0.10000826251180342
1482,1620.0,0.7654320987654321,10,0.08601746931067049
1483,1630.0,0.7607361963190185,10,0.06632672332389028
1484,1640.0,0.7560975609756098,10,0.015545325779036626
1485,1650.0,0.7515151515151515,10,-0.056481350330500495
1486,1660.0,0.7469879518072289,10,-0.22592540132200198
1487,1670.0,0.7425149700598802,10,-0.6347674693106705
1488,1680.0,0.7380952380952381,10,-1.079363786591124
1489,1690.0,0.7337278106508875,10,-1.3393609769593962
1490,1700.0,0.7294117647058823,10,-1.366434135977338
1491,1710.0,0.7251461988304093,10,-1.1513904627006615
1492,1720.0,0.7209302325581395,10,-0.9161378659112371
1493,1730.0,0.7167630057803468,10,-0.7391954285764876
1494,1740.0,0.7126436781609196,10,-0.6566210312913129
1495,1750.0,0.7085714285714285,10,-0.4508973300873467
