wavelength,energy,-10_deltaA,-2_deltaA,-4_deltaA,-6_deltaA,-8_deltaA,0_deltaA,10_deltaA,2_deltaA,4_deltaA,6_deltaA,8_deltaA,-10_mdeg,-2_mdeg,-4_mdeg,-6_mdeg,-8_mdeg,0_mdeg,10_mdeg,2_mdeg,4_mdeg,6_mdeg,8_mdeg,-10_deltaA_diff,-2_deltaA_diff,-4_deltaA_diff,-6_deltaA_diff,-8_deltaA_diff,0_deltaA_diff,10_deltaA_diff,2_deltaA_diff,4_deltaA_diff,6_deltaA_diff,8_deltaA_diff
400.0,3.1,-0.0022335,-0.0012174999999999994,-0.00182,-0.002247,-0.002123749999999999,-0.0002529820499999999,0.002569,0.0006982500000000001,0.0012945,0.001993,0.0022439999999999995,-73.665297,-40.15558499999999,-60.027240000000006,-74.110554,-70.04552249999998,-8.3438539731,84.73075800000001,23.029681499999995,42.695199,65.733126,74.011608,-0.00198051795,-0.0009645179499999995,-0.00156701795,-0.00199401795,-0.001870767949999999,0.0,0.00282198205,0.00095123205,0.00154748205,0.00224598205,0.0024969820499999994
404.0,3.0693069306930694,-0.0008537499999999999,-4.575000000000022e-05,-0.00017,-0.00046425000000000025,-0.0005207500000000004,0.0003594166666666665,0.0010769999999999998,0.00023375000000000002,0.00019249999999999996,0.00039099999999999985,0.0006587499999999996,-28.158382500000002,-1.5089265000000012,-5.606940000000009,-15.311893499999996,-17.175376500000027,11.854280499999994,35.521614,7.709542499999998,6.349035000000015,12.895961999999997,21.72689250000002,-0.0012131666666666664,-0.00040516666666666674,-0.0005294166666666665,-0.0008236666666666668,-0.0008801666666666669,0.0,0.0007175833333333333,-0.0001256666666666665,-0.00016691666666666656,3.158333333333333e-05,0.0002993333333333331
408.0,3.0392156862745097,-0.0004352499999999999,7.350000000000021e-05,7.500000000003164e-07,-0.00021925000000000026,-0.0001755000000000001,0.0002851944444444447,0.0005844999999999995,0.00014674999999999996,8.075000000000009e-05,0.00017450000000000018,0.00033500000000000023,-14.3554155,2.424176999999986,0.024736499999988837,-7.231303500000024,-5.788340999999988,9.406283166666668,19.277978999999988,4.8401084999999995,2.663296499999994,5.755359000000027,11.048970000000011,-0.0007204444444444446,-0.00021169444444444447,-0.00028444444444444437,-0.000504444444444445,-0.0004606944444444448,0.0,0.00029930555555555483,-0.00013844444444444473,-0.0002044444444444446,-0.00011069444444444451,4.980555555555554e-05
412.0,3.0097087378640777,-0.0001372499999999999,7.124999999999992e-05,3.4500000000000025e-05,-0.00010024999999999997,1.3306144999999974e-05,0.0002501111111111113,0.000348,0.00012649999999999998,6.175000000000001e-05,6.849999999999998e-05,0.0001095,-4.526779499999996,2.3499675000000053,1.1378790000000052,-3.3064455000000024,0.43886327438999917,8.249164666666672,11.477735999999993,4.1722230000000025,2.0366384999999996,2.2592669999999977,3.61152899999999,-0.0003873611111111112,-0.0001788611111111114,-0.0002156111111111113,-0.0003503611111111113,-0.00023680496611111135,0.0,9.788888888888868e-05,-0.00012361111111111134,-0.00018836111111111131,-0.00018161111111111134,-0.00014061111111111132
416.0,2.980769230769231,7.499999999999911e-06,6.100000000000007e-05,3.0750000000000016e-05,-2.224999999999997e-05,9.8e-05,0.00023813888888888886,0.00018995025999999997,0.00013850000000000017,2.5500000000000132e-05,1.2499999999999924e-05,1.0000000000000243e-06,0.24736500000000206,2.0119020000000027,1.0141964999999988,-0.7338495000000016,3.2322360000000003,7.854296833333336,6.26493947532,4.568007000000009,0.841040999999997,0.41227499999999395,0.03298200000000051,-0.00023063888888888895,-0.0001771388888888888,-0.00020738888888888885,-0.00026038888888888883,-0.00014013888888888886,0.0,-4.818862888888889e-05,-9.96388888888887e-05,-0.00021263888888888873,-0.00022563888888888894,-0.00023713888888888884
420.0,2.9523809523809526,4.175000000000012e-05,5.324999999999991e-05,5.024999999999995e-05,-8.999999999999894e-06,0.00011674999999999988,0.00018602777777777758,9.400000000000012e-05,0.00016100000000000012,-2.499999999999898e-06,-3.825000000000009e-05,-5.0750000000000014e-05,1.3769984999999991,1.7562914999999961,1.6573455,-0.29683799999999394,3.8506485000000055,6.135568166666658,3.100308000000002,5.310102000000015,-0.08245499999999595,-1.2615614999999991,-1.673836499999993,-0.00014427777777777746,-0.00013277777777777767,-0.00013577777777777763,-0.00019502777777777747,-6.92777777777777e-05,0.0,-9.202777777777746e-05,-2.502777777777746e-05,-0.00018852777777777748,-0.00022427777777777767,-0.0002367777777777776
424.0,2.9245283018867925,3.775000000000002e-05,4.4749999999999976e-05,1.7000000000000088e-05,-3.625000000000004e-05,0.00011174999999999987,0.00016061111111111115,4.199999999999994e-05,0.00014824999999999994,1.599999999999952e-05,-3.475000000000006e-05,-4.9500000000000065e-05,1.245070499999997,1.4759444999999989,0.5606940000000016,-1.195597499999998,3.6857385000000136,5.297275666666664,1.385243999999993,4.889581500000006,0.527711999999994,-1.146124499999999,-1.6326090000000022,-0.00012286111111111113,-0.00011586111111111118,-0.00014361111111111107,-0.0001968611111111112,-4.8861111111111284e-05,0.0,-0.00011861111111111122,-1.236111111111121e-05,-0.00014461111111111163,-0.0001953611111111112,-0.00021011111111111122
428.0,2.897196261682243,4.5749999999999784e-05,1.950000000000004e-05,-4.500000000000055e-06,-2.8000000000000247e-05,8.474999999999976e-05,0.00013111111111111114,1.7500000000000154e-05,0.00011200000000000012,4.624999999999985e-05,-2.7499999999997145e-06,-7.550000000000005e-05,1.5089265000000012,0.6431490000000029,-0.14841900000000408,-0.9234960000000072,2.7952245000000033,4.324306666666658,0.5771850000000143,3.693983999999986,1.5254175000000032,-0.09070049999998275,-2.4901410000000084,-8.536111111111136e-05,-0.0001116111111111111,-0.0001356111111111112,-0.0001591111111111114,-4.6361111111111386e-05,0.0,-0.00011361111111111099,-1.911111111111102e-05,-8.486111111111129e-05,-0.00013386111111111086,-0.0002066111111111112
432.0,2.8703703703703702,3.724999999999996e-05,2.7500000000000018e-05,-3.449999999999992e-05,-2.20000000000001e-05,8.424999999999969e-05,0.00011477777777777766,1.4249999999999506e-05,9.975000000000001e-05,1.424999999999994e-05,-9.49999999999996e-06,-6.649999999999972e-05,1.228579499999995,0.9070050000000016,-1.137878999999998,-0.7256039999999899,2.7787335000000155,3.7856006666666744,0.46999350000000106,3.2899544999999932,0.46999350000000106,-0.31332899999998176,-2.193302999999986,-7.752777777777771e-05,-8.727777777777765e-05,-0.00014927777777777758,-0.00013677777777777777,-3.0527777777777975e-05,0.0,-0.00010052777777777816,-1.5027777777777652e-05,-0.00010052777777777772,-0.00012427777777777762,-0.00018127777777777738
436.0,2.8440366972477062,5.749999999999939e-05,2.524999999999999e-05,-2.0750000000000044e-05,-2.625000000000023e-05,7.000000000000018e-05,8.833333333333328e-05,1.7750000000000404e-05,9.074999999999969e-05,5.999999999999495e-06,-2.300000000000045e-05,-6.700000000000022e-05,1.896464999999992,0.8327954999999996,-0.684376499999999,-0.865777499999993,2.3087400000000002,2.913410000000006,0.5854305000000011,2.9931165000000135,0.19789200000001017,-0.7585859999999798,-2.209793999999988,-3.0833333333333884e-05,-6.308333333333329e-05,-0.00010908333333333332,-0.00011458333333333351,-1.8333333333333092e-05,0.0,-7.058333333333287e-05,2.416666666666409e-06,-8.233333333333378e-05,-0.00011133333333333373,-0.0001553333333333335
440.0,2.8181818181818183,5.774999999999964e-05,1.9499999999999986e-05,-1.699999999999998e-05,-1.3999999999999907e-05,7.624999999999993e-05,6.227777777777764e-05,2.3500000000000083e-05,9.674999999999961e-05,3.000000000000398e-06,-2.0500000000000553e-05,-7.174999999999977e-05,1.9047105000000215,0.6431490000000011,-0.5606940000000016,-0.46174799999999294,2.514877499999997,2.054045666666667,0.775076999999996,3.1910085000000095,0.09894599999999798,-0.676130999999998,-2.3664585000000216,-4.527777777777993e-06,-4.277777777777765e-05,-7.927777777777761e-05,-7.627777777777754e-05,1.3972222222222294e-05,0.0,-3.877777777777755e-05,3.447222222222198e-05,-5.927777777777724e-05,-8.277777777777819e-05,-0.0001340277777777774
444.0,2.7927927927927927,4.875000000000018e-05,3.4999999999999767e-06,-3.150000000000006e-05,-7.499999999999911e-06,8.399999999999987e-05,5.591666666666657e-05,3.749999999999977e-05,9.049999999999987e-05,6.749999999999812e-06,-2.125e-05,-4.2999999999999636e-05,1.607872499999985,0.11543700000000001,-1.038933,-0.24736500000000206,2.7704880000000003,1.8442434999999975,1.2368249999999819,2.9848710000000125,0.2226284999999848,-0.7008674999999869,-1.4182260000000042,-7.166666666666389e-06,-5.2416666666666595e-05,-8.741666666666663e-05,-6.341666666666648e-05,2.8083333333333302e-05,0.0,-1.8416666666666798e-05,3.45833333333333e-05,-4.916666666666676e-05,-7.716666666666657e-05,-9.891666666666621e-05
448.0,2.767857142857143,3.5250000000000125e-05,-1.0500000000000038e-05,-2.250000000000006e-05,-1.899999999999992e-05,6.424999999999964e-05,4.9333333333333304e-05,5.374999999999998e-05,7.224999999999983e-05,-1.1999999999999424e-05,-2.0500000000000553e-05,-3.6249999999999824e-05,1.1626155000000153,-0.34631099999999826,-0.7420949999999991,-0.6266580000000062,2.119093499999991,1.6271120000000039,1.7727825000000053,2.382949499999995,-0.39578400000000613,-0.676130999999998,-1.195597499999991,-1.4083333333333179e-05,-5.983333333333334e-05,-7.183333333333336e-05,-6.833333333333322e-05,1.4916666666666334e-05,0.0,4.416666666666675e-06,2.2916666666666528e-05,-6.133333333333273e-05,-6.983333333333386e-05,-8.558333333333313e-05
452.0,2.743362831858407,9.24999999999971e-06,-1.7500000000000154e-06,-2.0000000000000052e-05,-2.024999999999987e-05,4.9500000000000065e-05,4.433333333333329e-05,7.674999999999956e-05,7.850000000000001e-05,-1.299999999999999e-05,-2.249999999999995e-05,-2.1999999999999884e-05,0.30508349999999496,-0.05771850000000178,-0.6596399999999996,-0.6678855000000041,1.6326090000000022,1.4622019999999978,2.5313685000000135,2.5890870000000206,-0.4287660000000102,-0.742094999999992,-0.7256040000000041,-3.508333333333358e-05,-4.6083333333333306e-05,-6.433333333333334e-05,-6.458333333333316e-05,5.166666666666774e-06,0.0,3.241666666666627e-05,3.416666666666672e-05,-5.733333333333328e-05,-6.683333333333324e-05,-6.633333333333317e-05
456.0,2.719298245614035,-1.0749999999999909e-05,2.4999999999999523e-06,-3.75000000000001e-06,-2.400000000000015e-05,3.549999999999951e-05,3.613888888888872e-05,9.699999999999986e-05,8.125000000000016e-05,-1.575000000000014e-05,-1.624999999999977e-05,-8.000000000000194e-06,-0.35455650000000105,0.08245499999999772,-0.12368249999999925,-0.791567999999998,1.1708610000000022,1.1919328333333326,3.1992539999999963,2.6797875000000033,-0.519466499999993,-0.5359575000000234,-0.2638559999999899,-4.688888888888863e-05,-3.363888888888877e-05,-3.988888888888873e-05,-6.013888888888887e-05,-6.388888888892146e-07,0.0,6.086111111111114e-05,4.511111111111144e-05,-5.188888888888886e-05,-5.2388888888888494e-05,-4.413888888888892e-05
460.0,2.6956521739130435,-3.899999999999997e-05,-2.500000000000115e-06,-1.0500000000000038e-05,-2.6999999999999897e-05,1.549999999999989e-05,3.588888888888912e-05,0.00012124999999999983,8.049999999999984e-05,-4.500000000000164e-06,-3.750000000000281e-06,1.5250000000000073e-05,-1.2862980000000164,-0.08245500000000305,-0.3463110000000018,-0.890513999999996,0.5112209999999919,1.1836873333333315,3.9990674999999953,2.6550510000000003,-0.14841900000000408,-0.12368250000000103,0.5029755000000051,-7.48888888888891e-05,-3.838888888888924e-05,-4.638888888888916e-05,-6.288888888888902e-05,-2.0388888888889234e-05,0.0,8.536111111111071e-05,4.461111111111072e-05,-4.0388888888889286e-05,-3.9638888888889404e-05,-2.063888888888905e-05
464.0,2.6724137931034484,-3.9749999999999855e-05,3.2499999999998893e-06,-1.7000000000000007e-05,-3.825000000000009e-05,1.8000000000000004e-05,4.672222222222187e-05,0.0001525000000000003,7.525000000000001e-05,-1.1999999999999858e-05,-5.499999999999863e-06,2.750000000000018e-05,-1.3110345000000052,0.107191499999999,-0.5606939999999998,-1.2615615000000027,0.5936760000000021,1.5409923333333353,5.029755000000009,2.4818955000000003,-0.3957839999999919,-0.18140099999999393,0.9070049999999981,-8.647222222222173e-05,-4.347222222222198e-05,-6.372222222222188e-05,-8.497222222222196e-05,-2.8722222222221866e-05,0.0,0.00010577777777777842,2.8527777777778143e-05,-5.872222222222173e-05,-5.222222222222173e-05,-1.922222222222169e-05
468.0,2.6495726495726495,-5.149999999999946e-05,-1.0842021724855044e-19,-1.8249999999999996e-05,-2.675000000000008e-05,1.325000000000024e-05,4.702777777777778e-05,0.0001667499999999998,5.324999999999991e-05,-1.7000000000000088e-05,-7.74999999999951e-06,3.800000000000027e-05,-1.6985729999999961,0.0,-0.6019214999999991,-0.8822685000000021,0.437011499999997,1.5510701666666762,5.4997484999999955,1.7562915000000032,-0.560693999999998,-0.25561050000000307,1.2533160000000123,-9.852777777777724e-05,-4.702777777777789e-05,-6.527777777777778e-05,-7.377777777777786e-05,-3.377777777777754e-05,0.0,0.00011972222222222202,6.2222222222221325e-06,-6.402777777777787e-05,-5.477777777777729e-05,-9.027777777777506e-06
472.0,2.6271186440677967,-5.250000000000003e-05,2.4999999999992476e-07,-1.6971495e-05,-2.6500000000000048e-05,-3.2499999999999977e-06,3.7277777777778e-05,0.00017599999999999994,4.474999999999987e-05,-2.0000000000000052e-05,-1.7000000000000088e-05,3.724999999999996e-05,-1.7315550000000002,0.008245499999997463,-0.55975384809,-0.8740230000000011,-0.107191499999999,1.229495666666672,5.804832000000005,1.475944499999997,-0.6596400000000102,-0.5606940000000122,1.228579499999995,-8.977777777777803e-05,-3.702777777777808e-05,-5.4249272777778e-05,-6.377777777777805e-05,-4.0527777777778e-05,0.0,0.00013872222222222194,7.472222222221865e-06,-5.7277777777778056e-05,-5.427777777777809e-05,-2.7777777778046492e-08
476.0,2.6050420168067228,-5.5499999999999994e-05,1.2749999999999958e-05,-1.6822979999999997e-05,-1.975000000000002e-05,-1.9999999999998318e-06,3.775000000000002e-05,0.00017975000000000022,3.874999999999994e-05,-2.0250000000000086e-05,-1.8499999999999853e-05,4.524999999999972e-05,-1.8305010000000053,0.4205205000000021,-0.5548555263599999,-0.6513945000000003,-0.06596400000000102,1.24507049999999,5.928514500000006,1.2780525000000011,-0.6678855000000041,-0.6101669999999899,1.4924355000000133,-9.325000000000002e-05,-2.5000000000000066e-05,-5.457298000000002e-05,-5.750000000000004e-05,-3.9749999999999855e-05,0.0,0.0001420000000000002,9.999999999999159e-07,-5.800000000000011e-05,-5.6249999999999876e-05,7.499999999999694e-06
480.0,2.5833333333333335,-5.924999999999984e-05,7.249999999999878e-06,-8.749999999999996e-06,-1.7499999999999937e-05,-3.7499999999999556e-06,2.20000000000001e-05,0.000196,2.9750000000000046e-05,-1.500000000000004e-05,-1.9499999999999986e-05,4.874999999999975e-05,-1.9541834999999992,0.2391195000000046,-0.28859250000000003,-0.5771850000000001,-0.12368250000000103,0.725603999999997,6.464472000000001,0.9812145000000001,-0.494729999999997,-0.643148999999994,1.607872499999985,-8.124999999999994e-05,-1.4750000000000223e-05,-3.07500000000001e-05,-3.950000000000004e-05,-2.5750000000000057e-05,0.0,0.0001739999999999999,7.749999999999944e-06,-3.700000000000014e-05,-4.150000000000009e-05,2.6749999999999647e-05
484.0,2.56198347107438,-5.7750000000000076e-05,0.0,-2.5000000000000066e-06,-1.774999999999997e-05,7.499999999999911e-07,3.0888888888889e-05,0.0002092499999999998,2.7499999999999747e-05,-2.174999999999985e-05,-2.125e-05,5.6999999999999976e-05,-1.904710499999993,0.0,-0.0824549999999995,-0.5854305000000002,0.024736499999995942,1.0187773333333396,6.901483499999998,0.9070049999999981,-0.717358499999996,-0.700867499999994,1.8799740000000043,-8.863888888888908e-05,-3.0888888888889e-05,-3.338888888888901e-05,-4.863888888888897e-05,-3.013888888888901e-05,0.0,0.0001783611111111108,-3.3888888888892544e-06,-5.263888888888885e-05,-5.2138888888889e-05,2.6111111111110975e-05
488.0,2.540983606557377,-5.124999999999986e-05,-1.5249999999999964e-05,-7.499999999999911e-07,-1.0443455000000006e-05,7.2499999999999865e-06,3.319444444444442e-05,0.00021049999999999975,3.0999999999999995e-05,-2.400000000000015e-05,-2.29999999999998e-05,5.649999999999991e-05,-1.6903275000000093,-0.5029755000000016,-0.024736500000000383,-0.3444460328100001,0.2391194999999975,1.0948191666666673,6.942711000000003,1.0224420000000052,-0.791567999999998,-0.7585860000000011,1.8634830000000022,-8.444444444444428e-05,-4.844444444444438e-05,-3.394444444444441e-05,-4.363789944444442e-05,-2.594444444444443e-05,0.0,0.00017730555555555533,-2.1944444444444225e-06,-5.719444444444457e-05,-5.619444444444422e-05,2.3305555555555493e-05
492.0,2.5203252032520327,-5.874999999999999e-05,-1.2250000000000108e-05,-3.999999999999989e-06,-1.2486279250000001e-05,1.4999999999999985e-05,2.4277777777777687e-05,0.00020725000000000019,3.775000000000002e-05,-3.125000000000003e-05,-1.9999999999999836e-05,5.699999999999976e-05,-1.9376925000000007,-0.4040294999999965,-0.1319279999999985,-0.41182246222350005,0.4947299999999988,0.8007296666666655,6.835519500000004,1.245070499999997,-1.030687499999999,-0.659639999999996,1.8799739999999971,-8.302777777777768e-05,-3.6527777777777795e-05,-2.8277777777777676e-05,-3.6764057027777685e-05,-9.277777777777702e-06,0.0,0.0001829722222222225,1.3472222222222336e-05,-5.5527777777777715e-05,-4.427777777777752e-05,3.272222222222207e-05
496.0,2.5,-5.999999999999994e-05,-1.1999999999999966e-05,-6.000000000000037e-06,-7.377342499999994e-06,1.3500000000000003e-05,1.6222222222222267e-05,0.00021250000000000002,3.399999999999996e-05,-3.350000000000011e-05,-2.8749999999999913e-05,5.625000000000009e-05,-1.9789200000000022,-0.395783999999999,-0.1978920000000013,-0.24331951033499988,0.445256999999998,0.5350413333333357,7.008675000000004,1.121387999999996,-1.1048970000000011,-0.9482325000000031,1.8552375000000012,-7.622222222222221e-05,-2.8222222222222234e-05,-2.2222222222222305e-05,-2.359956472222226e-05,-2.7222222222222643e-06,0.0,0.00019627777777777775,1.7777777777777692e-05,-4.972222222222238e-05,-4.497222222222218e-05,4.0027777777777826e-05
500.0,2.48,-6.974999999999993e-05,-5.999999999999983e-06,-1.5999999999999955e-05,-1.2635010000000004e-05,1.1500000000000008e-05,7.805555555555712e-06,0.00020074999999999997,2.0750000000000044e-05,-3.0250000000000003e-05,-3.225000000000016e-05,5.199999999999996e-05,-2.300494499999999,-0.1978919999999995,-0.5277119999999975,-0.4167278998199997,0.37929300000000055,0.2574428333333323,6.621136500000006,0.684376499999999,-0.997705499999995,-1.063669499999996,1.7150640000000053,-7.755555555555565e-05,-1.3805555555555695e-05,-2.3805555555555667e-05,-2.0440565555555716e-05,3.6944444444442963e-06,0.0,0.00019294444444444426,1.2944444444444331e-05,-3.8055555555555716e-05,-4.005555555555587e-05,4.419444444444425e-05
504.0,2.4603174603174605,-7.549999999999994e-05,-1.675e-05,-1.7750000000000025e-05,-8.999999999999975e-06,1.305997499999987e-06,2.0000000000000052e-05,0.0002017499999999999,1.8750000000000103e-05,-3.825000000000009e-05,-2.9000000000000054e-05,4.97500000000001e-05,-2.4901410000000013,-0.5524485000000006,-0.5854305000000011,-0.29683800000000105,0.04307440954499997,0.6596399999999996,6.654118499999996,0.6184125000000016,-1.2615615000000027,-0.956477999999997,1.640854499999996,-9.549999999999999e-05,-3.675000000000005e-05,-3.775000000000008e-05,-2.9000000000000027e-05,-1.8694002500000065e-05,0.0,0.00018174999999999984,-1.249999999999949e-06,-5.825000000000014e-05,-4.900000000000011e-05,2.9750000000000046e-05
508.0,2.440944881889764,-7.375000000000003e-05,-1.600000000000001e-05,-2.6750000000000027e-05,-1.3999999999999988e-05,4.321897500000002e-06,2.5138888888888997e-05,0.0001847499999999998,1.3499999999999949e-05,-4.5999999999999925e-05,-2.924999999999998e-05,4.7999999999999974e-05,-2.4324224999999995,-0.5277120000000011,-0.8822685000000021,-0.46174800000000005,0.14254482334500007,0.8291308333333305,6.0934244999999905,0.445256999999998,-1.5171719999999986,-0.9647234999999981,1.5831359999999997,-9.888888888888903e-05,-4.1138888888889006e-05,-5.1888888888889024e-05,-3.9138888888888985e-05,-2.0816991388888997e-05,0.0,0.0001596111111111108,-1.1638888888889048e-05,-7.113888888888892e-05,-5.4388888888888976e-05,2.2861111111110977e-05
512.0,2.421875,-6.225000000000002e-05,-1.650000000000002e-05,-1.699999999999998e-05,-1.500000000000004e-05,-1.0968450000000025e-06,1.652777777777785e-05,0.00017500000000000013,1.874999999999994e-05,-5.3250000000000075e-05,-5.0250000000000056e-05,3.35e-05,-2.0531295000000025,-0.5442030000000013,-0.5606939999999998,-0.49473000000000056,-0.03617614178999995,0.5451191666666677,5.7718499999999935,0.6184125000000034,-1.7562915000000032,-1.6573454999999981,1.1048970000000011,-7.877777777777787e-05,-3.302777777777787e-05,-3.352777777777783e-05,-3.152777777777789e-05,-1.7624622777777854e-05,0.0,0.00015847222222222228,2.2222222222220895e-06,-6.977777777777793e-05,-6.677777777777791e-05,1.697222222222215e-05
516.0,2.4031007751937983,-5.324999999999999e-05,-1.9499999999999986e-05,-1.125000000000003e-05,-4.999999999999959e-06,5.999999999999983e-06,1.1388888888888907e-05,0.00016324999999999998,1.299999999999999e-05,-5.750000000000004e-05,-5.725000000000001e-05,1.4750000000000006e-05,-1.7562914999999997,-0.6431490000000011,-0.37104749999999775,-0.16491000000000255,0.1978919999999995,0.37562833333333323,5.384311500000003,0.4287660000000013,-1.896465000000001,-1.8882195000000017,0.4864845000000031,-6.46388888888889e-05,-3.088888888888889e-05,-2.2638888888888936e-05,-1.6388888888888866e-05,-5.3888888888889235e-06,0.0,0.00015186111111111108,1.611111111111084e-06,-6.888888888888895e-05,-6.863888888888892e-05,3.3611111111110994e-06
520.0,2.3846153846153846,-2.9378075e-05,-6.7500000000000285e-06,-9.749999999999939e-06,8.49999999999999e-06,3.775000000000002e-05,1.2138888888888898e-05,0.00012625000000000006,2.2500000000000276e-06,-5.850000000000007e-05,-6.050000000000001e-05,-4.250000000000022e-06,-0.9689476696499999,-0.222628499999999,-0.32157449999999876,0.280346999999999,1.2450705000000006,0.4003648333333327,4.163977500000001,0.07420950000000204,-1.9294469999999997,-1.9954110000000007,-0.1401734999999995,-4.15169638888889e-05,-1.8888888888888926e-05,-2.1888888888888837e-05,-3.638888888888908e-06,2.5611111111111125e-05,0.0,0.00011411111111111116,-9.88888888888887e-06,-7.063888888888896e-05,-7.26388888888889e-05,-1.638888888888892e-05
524.0,2.366412213740458,2.1958700000000017e-06,1.0499999999999984e-05,3.999999999999989e-06,2.3499999999999975e-05,6.000000000000002e-05,1.058333333333331e-05,9.8e-05,-4.499999999999947e-06,-6.824999999999998e-05,-7.35e-05,-2.9e-05,0.07242418433999998,0.34631100000000004,0.13192800000000027,0.7750769999999996,1.9789200000000005,0.34905950000000097,3.2322360000000003,-0.14841900000000052,-2.2510215000000002,-2.424177000000001,-0.9564780000000006,-8.387463333333309e-06,-8.333333333332632e-08,-6.583333333333322e-06,1.2916666666666664e-05,4.941666666666671e-05,0.0,8.741666666666669e-05,-1.5083333333333257e-05,-7.883333333333329e-05,-8.408333333333331e-05,-3.958333333333331e-05
528.0,2.3484848484848486,3.087548499999999e-05,1.550000000000005e-05,1.699999999999998e-05,4.700000000000006e-05,8.999999999999997e-05,1.4916666666666713e-05,6.200000000000004e-05,-3.500000000000031e-06,-6.992190499999999e-05,-8.399999999999998e-05,-5.400000000000001e-05,1.0183352462699995,0.511220999999999,0.5606939999999998,1.550154000000001,2.96838,0.4919814999999996,2.0448840000000015,-0.11543700000000001,-2.30616427071,-2.7704880000000003,-1.7810279999999992,1.595881833333328e-05,5.833333333333385e-07,2.0833333333332665e-06,3.2083333333333345e-05,7.508333333333325e-05,0.0,4.708333333333333e-05,-1.8416666666666744e-05,-8.48385716666667e-05,-9.89166666666667e-05,-6.891666666666672e-05
532.0,2.330827067669173,7.325000000000002e-05,1.975000000000002e-05,2.974999999999999e-05,6.550000000000002e-05,0.00012100000000000001,8.527777777777765e-06,2.2500000000000005e-05,-1.3520975e-06,-8.6981341e-05,-0.0001088049125,-8.875000000000002e-05,2.4159315,0.6513945000000003,0.9812145000000001,2.1603209999999997,3.9908219999999996,0.2812631666666663,0.7420949999999991,-0.04459487974499865,-2.868818588862,-3.5886036240750006,-2.9271524999999996,6.472222222222225e-05,1.1222222222222254e-05,2.1222222222222226e-05,5.6972222222222255e-05,0.00011247222222222225,0.0,1.397222222222224e-05,-9.879875277777765e-06,-9.550911877777777e-05,-0.00011733269027777776,-9.727777777777778e-05
536.0,2.3134328358208953,0.00011825000000000003,3.674999999999997e-05,5.074999999999996e-05,9.600000000000006e-05,0.00016350000000000002,9.027777777777804e-06,-2.1750000000000014e-05,-1.2291354999999999e-05,-0.00010124552749999999,-0.0001319995425,-0.00011679659925,3.900121500000001,1.2120884999999983,1.6738365000000002,3.1662719999999993,5.392557,0.29775416666666654,-0.7173585000000005,-0.4053934706100004,-3.339279988005,-4.353608910735,-3.8521854364635004,0.00010922222222222222,2.7722222222222167e-05,4.1722222222222155e-05,8.697222222222225e-05,0.0001544722222222222,0.0,-3.077777777777782e-05,-2.1319132777777804e-05,-0.0001102733052777778,-0.0001410273202777778,-0.0001258243770277778
540.0,2.2962962962962963,0.0001585,4.275000000000001e-05,6.275000000000003e-05,0.0001330000000000001,0.00019399999999999995,8.97342083333332e-06,-6.3101e-05,-2.050628975e-05,-0.00011182642499999999,-0.0001456143125,-0.000147232635,5.227647000000001,1.4099804999999996,2.069620500000001,4.3866060000000004,6.398508000000003,0.29596136592500066,-2.081197182,-0.6763384485345,-3.6882591493500003,-4.802651254875,-4.85602676757,0.0001495265791666667,3.377657916666669e-05,5.3776579166666714e-05,0.00012402657916666678,0.00018502657916666664,0.0,-7.207442083333332e-05,-2.947971058333332e-05,-0.00012079984583333331,-0.00015458773333333332,-0.00015620605583333333
544.0,2.2794117647058822,0.00019850000000000005,4.484919999999998e-05,8.45e-05,0.00015174999999999998,0.00021224999999999998,8.024420833333353e-06,-0.000100235261,-3.058477999999999e-05,-0.0001241612225,-0.000167937205,-0.00017070253250000002,6.546927,1.4792163144000003,2.7869790000000005,5.005018500000002,7.000429499999996,0.264661447925,-3.305959378302,-1.00874721396,-4.095085440495,-5.538904895309999,-5.630110926915,0.0001904755791666667,3.6824779166666624e-05,7.647557916666664e-05,0.00014372557916666662,0.00020422557916666663,0.0,-0.00010825968183333336,-3.8609200833333344e-05,-0.00013218564333333335,-0.00017596162583333335,-0.00017872695333333337
548.0,2.2627737226277373,0.000225,5.496954749999999e-05,9.650000000000001e-05,0.00016350000000000002,0.00023150000000000004,1.2659454619444444e-05,-0.0001278090325,-2.6114287500000004e-05,-0.00013025,-0.00018725,-0.00018925,7.420949999999998,1.8130056156450003,3.1827630000000013,5.392556999999998,7.635332999999999,0.4175341322585169,-4.215397509914999,-0.8613014303249997,-4.2959055,-6.1758795000000015,-6.241843499999999,0.00021234054538055554,4.231009288055555e-05,8.384054538055557e-05,0.00015084054538055556,0.0002188405453805556,0.0,-0.00014046848711944446,-3.8773742119444445e-05,-0.00014290945461944445,-0.00019990945461944445,-0.00020190945461944445
552.0,2.246376811594203,0.00024974999999999997,5.51680475e-05,9.649999999999996e-05,0.00017275,0.00025275,1.046107838888889e-05,-0.0001415,-3.400000000000001e-05,-0.00013325,-0.00019275000000000002,-0.00019025,8.237254499999997,1.8195525426450003,3.1827630000000005,5.6976405,8.3362005,0.34502728742233335,-4.6669529999999995,-1.1213880000000014,-4.3948515,-6.3572805,-6.2748255,0.0002392889216111111,4.4706969111111105e-05,8.603892161111107e-05,0.00016228892161111112,0.0002422889216111111,0.0,-0.00015196107838888888,-4.4461078388888906e-05,-0.0001437110783888889,-0.0002032110783888889,-0.00020071107838888887
556.0,2.2302158273381294,0.0002645000000000001,5.8148604749999995e-05,0.00010149999999999997,0.00018475000000000002,0.00025600000000000004,7.234194722222225e-06,-0.00015375,-3.8e-05,-0.00013025,-0.00020275000000000002,-0.00020575,8.723738999999998,1.9178572818644999,3.3476729999999995,6.093424499999999,8.443392,0.2385982103283335,-5.0709824999999995,-1.2533159999999999,-4.2959055,-6.6871005,-6.786046500000001,0.00025726580527777785,5.091441002777777e-05,9.426580527777775e-05,0.00017751580527777778,0.0002487658052777778,0.0,-0.0001609841947222222,-4.523419472222223e-05,-0.00013748419472222223,-0.00020998419472222226,-0.00021298419472222223
560.0,2.2142857142857144,0.00027350000000000003,5.513269025000001e-05,9.932702249999998e-05,0.00018774999999999998,0.00025375000000000007,9.812753333333357e-06,-0.00016149999999999997,-3.749999999999999e-05,-0.000136,-0.00020625000000000005,-0.0002115,9.020577,1.8183863898255002,3.2760038560950004,6.192370500000001,8.3691825,0.3236442304399998,-5.326592999999999,-1.2368250000000005,-4.485551999999998,-6.8025375,-6.975693,0.00026368724666666666,4.531993691666665e-05,8.951426916666663e-05,0.0001779372466666666,0.0002439372466666667,0.0,-0.00017131275333333334,-4.731275333333335e-05,-0.00014581275333333337,-0.00021606275333333342,-0.00022131275333333336
564.0,2.198581560283688,0.0002730000000000001,5.4810253000000004e-05,0.00010088074249999998,0.00018275,0.0002475,5.499999999999998e-06,-0.00016349999999999996,-4.025000000000003e-05,-0.00014025000000000002,-0.00020524999999999997,-0.00020750000000000006,9.004086,1.8077517644459997,3.3272486491350004,6.0274605,8.163045,0.18140100000000015,-5.392556999999998,-1.3275255000000001,-4.625725499999998,-6.769555499999999,-6.843765000000001,0.00026750000000000005,4.9310253000000006e-05,9.538074249999999e-05,0.00017725,0.000242,0.0,-0.00016899999999999996,-4.575000000000003e-05,-0.00014575000000000002,-0.00021074999999999997,-0.00021300000000000005
568.0,2.183098591549296,0.00026575000000000004,5.3661555000000005e-05,9.4356565e-05,0.00017525,0.00024275,3.4722222222222283e-06,-0.00015874999999999998,-3.899999999999997e-05,-0.000138,-0.00019650000000000006,-0.00020675000000000007,8.764966500000002,1.7698654070100002,3.11206822683,5.7800955,8.0063805,0.11452083333333363,-5.2358925,-1.2862980000000004,-4.551516000000001,-6.480962999999999,-6.819028499999998,0.00026227777777777783,5.018933277777778e-05,9.088434277777777e-05,0.00017177777777777778,0.00023927777777777776,0.0,-0.0001622222222222222,-4.24722222222222e-05,-0.00014147222222222222,-0.0001999722222222223,-0.0002102222222222223
572.0,2.167832167832168,0.00025275000000000004,5.081182999999999e-05,8.5721705e-05,0.00016044844999999998,0.00023199999999999997,-1.527777777777812e-06,-0.00016150000000000002,-4.074999999999999e-05,-0.00013274999999999995,-0.00019524999999999995,-0.00020300000000000006,8.336200500000002,1.6758757770600008,2.8272732743100004,5.2919107779,7.6518239999999995,-0.05038916666666715,-5.326592999999999,-1.3440164999999986,-4.378360499999996,-6.439735499999999,-6.695346000000001,0.00025427777777777786,5.23396077777778e-05,8.724948277777782e-05,0.0001619762277777778,0.00023352777777777779,0.0,-0.0001599722222222222,-3.9222222222222176e-05,-0.00013122222222222214,-0.00019372222222222214,-0.00020147222222222224
576.0,2.1527777777777777,0.00024375,3.675e-05,7.655924000000001e-05,0.00015318076224999998,0.00021444644749999995,-2.9444444444444136e-06,-0.00015899999999999996,-4.4749999999999976e-05,-0.00013125000000000002,-0.00018650000000000003,-0.00019249999999999996,8.039362500000001,1.212088500000001,2.52507685368,5.052207900529501,7.072872731444999,-0.09711366666666699,-5.2441379999999995,-1.4759445000000007,-4.3288875,-6.151143000000001,-6.349035000000001,0.0002466944444444444,3.969444444444441e-05,7.950368444444443e-05,0.0001561252066944444,0.00021739089194444436,0.0,-0.00015605555555555555,-4.180555555555556e-05,-0.0001283055555555556,-0.00018355555555555562,-0.00018955555555555555
580.0,2.1379310344827585,0.00023340967750000002,3.025000000000003e-05,7.11809375e-05,0.0001423093425,0.0001984555025,-1.3888888888888805e-06,-0.00015074999999999995,-4.449999999999994e-05,-0.00012599999999999997,-0.00017749999999999998,-0.00018600000000000002,7.698317983305,0.9977055000000004,2.3476896806250007,4.693646734334999,6.5454593834549994,-0.045808333333331674,-4.972036499999998,-1.4676989999999979,-4.155732000000002,-5.8543049999999965,-6.134652000000001,0.0002347985663888889,3.163888888888891e-05,7.256982638888888e-05,0.0001436982313888889,0.00019984439138888887,0.0,-0.00014936111111111107,-4.311111111111106e-05,-0.0001246111111111111,-0.0001761111111111111,-0.00018461111111111114
584.0,2.1232876712328768,0.00021831883750000002,2.250000000000006e-05,5.9e-05,0.00012689292485,0.00019288841500000002,-6.7777777777776956e-06,-0.00014350000000000002,-4.549999999999997e-05,-0.00012175,-0.00017700000000000002,-0.0001765,7.200591898425,0.7420949999999991,1.945938,4.1851824474027,6.361845703529999,-0.22354466666666895,-4.7329170000000005,-1.5006810000000002,-4.015558500000001,-5.837813999999998,-5.821323,0.00022509661527777772,2.9277777777777755e-05,6.577777777777769e-05,0.0001336707026277777,0.00019966619277777772,0.0,-0.00013672222222222232,-3.872222222222227e-05,-0.00011497222222222231,-0.00017022222222222232,-0.0001697222222222223
588.0,2.108843537414966,0.00020477969249999998,1.8749999999999995e-05,4.650000000000002e-05,0.00011728210500000002,0.00017629967,-1.4972222222222264e-05,-0.00013550000000000004,-3.8e-05,-0.0001225,-0.00016600000000000002,-0.00016550000000000007,6.754043818035001,0.6184124999999998,1.5336630000000007,3.8681983871100005,5.81471571594,-0.4938138333333324,-4.469061000000002,-1.2533160000000017,-4.040295,-5.475012000000003,-5.458520999999999,0.00021975191472222225,3.372222222222226e-05,6.147222222222228e-05,0.0001322543272222223,0.00019127189222222226,0.0,-0.00012052777777777778,-2.3027777777777738e-05,-0.00010752777777777773,-0.00015102777777777776,-0.0001505277777777778
592.0,2.0945945945945947,0.00018932334,1.699999999999998e-05,3.8000000000000056e-05,0.00010474999999999997,0.000162416849,-1.5583333333333324e-05,-0.00012700000000000005,-3.950000000000004e-05,-0.00011375000000000003,-0.00015799999999999994,-0.00015575000000000007,6.24426239988,0.560693999999998,1.2533159999999999,3.4548644999999993,5.356832513718,-0.5139695000000017,-4.188713999999999,-1.3027889999999989,-3.7517025000000004,-5.211155999999999,-5.136946499999997,0.00020490667333333332,3.25833333333333e-05,5.358333333333338e-05,0.0001203333333333333,0.00017800018233333332,0.0,-0.00011141666666666673,-2.3916666666666715e-05,-9.81666666666667e-05,-0.00014241666666666661,-0.00014016666666666675
596.0,2.0805369127516777,0.0001718171895,1.1500000000000008e-05,2.3750000000000008e-05,9.224999999999997e-05,0.00014860819999999996,-1.7555555555555543e-05,-0.000123,-4.149999999999998e-05,-0.00010875000000000001,-0.00015149999999999994,-0.00015249999999999997,5.6668745440890005,0.37929299999999877,0.7833224999999988,3.042589500000002,4.901395652399999,-0.5790173333333328,-4.056786000000001,-1.3687530000000017,-3.5867925000000014,-4.996772999999999,-5.0297550000000015,0.00018937274505555554,2.905555555555555e-05,4.130555555555555e-05,0.00010980555555555551,0.0001661637555555555,0.0,-0.00010544444444444447,-2.3944444444444436e-05,-9.119444444444447e-05,-0.0001339444444444444,-0.00013494444444444442
600.0,2.066666666666667,0.00015985531,5.5000000000000795e-06,2.3000000000000017e-05,8.374999999999995e-05,0.00013749999999999998,-1.6166666666666608e-05,-0.00012000000000000004,-4.1249999999999946e-05,-0.00010649999999999999,-0.00014350000000000007,-0.00013949999999999998,5.2723478344200005,0.18140100000000103,0.7585859999999975,2.7622424999999993,4.535024999999999,-0.5332089999999994,-3.957840000000001,-1.3605075000000006,-3.5125829999999993,-4.732917000000004,-4.600989,0.0001760219766666666,2.1666666666666687e-05,3.9166666666666625e-05,9.991666666666656e-05,0.0001536666666666666,0.0,-0.00010383333333333344,-2.5083333333333338e-05,-9.033333333333338e-05,-0.00012733333333333346,-0.00012333333333333337
604.0,2.052980132450331,0.00014849999999999998,1.249999999999949e-06,1.2500000000000033e-05,7.575000000000008e-05,0.00012799999999999997,-1.9472222222222156e-05,-0.00010674999999999997,-3.700000000000003e-05,-0.00010125,-0.00014375,-0.00013350000000000005,4.897827,0.04122750000000508,0.4122749999999993,2.4983864999999987,4.221696,-0.6422328333333347,-3.5208285000000004,-1.2203340000000011,-3.3394274999999993,-4.7411625000000015,-4.403096999999999,0.00016797222222222213,2.0722222222222106e-05,3.197222222222219e-05,9.522222222222224e-05,0.00014747222222222212,0.0,-8.727777777777781e-05,-1.7527777777777876e-05,-8.177777777777784e-05,-0.00012427777777777784,-0.00011402777777777789
608.0,2.039473684210526,0.00014450000000000002,-5.999999999999929e-06,9.250000000000144e-06,6.999999999999997e-05,0.00011825000000000003,-1.8638888888888785e-05,-0.00010174999999999998,-4.050000000000006e-05,-9.39999999999999e-05,-0.0001355,-0.00012549999999999996,4.765899000000003,-0.19789200000000307,0.3050834999999985,2.3087400000000002,3.900121500000001,-0.6147478333333289,-3.3559184999999987,-1.3357710000000012,-3.100308000000002,-4.4690610000000035,-4.139241,0.0001631388888888888,1.2638888888888856e-05,2.788888888888893e-05,8.863888888888875e-05,0.0001368888888888888,0.0,-8.31111111111112e-05,-2.1861111111111278e-05,-7.536111111111111e-05,-0.0001168611111111112,-0.00010686111111111118
612.0,2.026143790849673,0.00013700000000000008,-3.500000000000031e-06,7.500000000000128e-06,6.074999999999993e-05,0.00011300000000000004,-1.5333333333333236e-05,-9.650000000000001e-05,-3.6499999999999966e-05,-8.949999999999995e-05,-0.00012799999999999997,-0.00011874999999999999,4.518534000000001,-0.11543700000000001,0.24736499999999495,2.0036565000000017,3.7269659999999973,-0.5057240000000043,-3.1827629999999996,-1.2038430000000027,-2.9518890000000013,-4.2216960000000014,-3.9166124999999994,0.00015233333333333331,1.1833333333333205e-05,2.2833333333333364e-05,7.608333333333317e-05,0.00012833333333333327,0.0,-8.116666666666678e-05,-2.116666666666673e-05,-7.416666666666672e-05,-0.00011266666666666673,-0.00010341666666666675
616.0,2.012987012987013,0.00013075,-4.750000000000197e-06,5.250000000000046e-06,5.9000000000000025e-05,0.00011000000000000007,-1.2861111111111168e-05,-9.475000000000003e-05,-3.2500000000000085e-05,-8.175000000000001e-05,-0.00012025000000000002,-0.00011075000000000006,4.3123965,-0.15666449999999799,0.17315549999999647,1.9459380000000017,3.6280199999999994,-0.4241851666666676,-3.1250445000000013,-1.071914999999997,-2.696278500000002,-3.9660855,-3.6527565000000006,0.00014361111111111117,8.111111111110971e-06,1.8111111111111214e-05,7.186111111111119e-05,0.00012286111111111124,0.0,-8.188888888888886e-05,-1.9638888888888918e-05,-6.888888888888884e-05,-0.00010738888888888885,-9.78888888888889e-05
620.0,2.0,0.00012724999999999998,-1.1250000000000084e-05,4.2499999999999136e-06,5.324999999999991e-05,0.0001020000000000001,-1.0388888888888882e-05,-8.349999999999997e-05,-3.075000000000007e-05,-7.72499999999999e-05,-0.00011174999999999998,-0.00010600000000000003,4.1969595,-0.3710475000000031,0.1401734999999995,1.7562915000000032,3.3641640000000024,-0.34264633333333094,-2.753996999999999,-1.0141965000000042,-2.5478594999999977,-3.6857384999999994,-3.496092000000001,0.00013763888888888886,-8.611111111112013e-07,1.4638888888888796e-05,6.36388888888888e-05,0.00011238888888888898,0.0,-7.311111111111109e-05,-2.0361111111111187e-05,-6.686111111111102e-05,-0.0001013611111111111,-9.561111111111115e-05
624.0,1.9871794871794872,0.00011950000000000003,-1.0750000000000017e-05,2.0000000000000486e-06,4.5500000000000076e-05,9.925000000000016e-05,-1.2527777777777862e-05,-8.250590999999998e-05,-2.400000000000004e-05,-6.800000000000003e-05,-0.00010224999999999996,-0.00010050000000000003,3.941348999999999,-0.35455650000000105,0.06596399999999747,1.5006810000000002,3.2734634999999983,-0.413191166666671,-2.721209923619999,-0.7915680000000052,-2.242775999999999,-3.372409499999998,-3.314691,0.0001320277777777779,1.777777777777845e-06,1.4527777777777911e-05,5.802777777777794e-05,0.00011177777777777803,0.0,-6.997813222222212e-05,-1.1472222222222179e-05,-5.5472222222222164e-05,-8.97222222222221e-05,-8.797222222222217e-05
628.0,1.9745222929936306,0.00010924999999999997,-8.750000000000077e-06,-7.500000000000995e-07,4.299999999999996e-05,9.249999999999992e-05,-9.027777777777723e-06,-7.0014835e-05,-2.3000000000000017e-05,-6.625000000000001e-05,-9.400000000000001e-05,-8.774999999999999e-05,3.6032835,-0.2885925000000036,-0.024736500000003048,1.4182260000000007,3.050835000000003,-0.2977541666666639,-2.3092292879699996,-0.7585860000000011,-2.1850575000000028,-3.1003079999999983,-2.8941704999999995,0.0001182777777777777,2.77777777777646e-07,8.277777777777624e-06,5.2027777777777684e-05,0.00010152777777777764,0.0,-6.098705722222227e-05,-1.3972222222222294e-05,-5.722222222222229e-05,-8.497222222222228e-05,-7.872222222222227e-05
632.0,1.9620253164556962,0.00010799999999999991,-1.0999999999999942e-05,-9.999999999999159e-07,4.4750000000000085e-05,8.525000000000004e-05,-4.527777777777885e-06,-6.2919595e-05,-1.775000000000008e-05,-5.475e-05,-8.850000000000004e-05,-7.825e-05,3.5620559999999983,-0.36280200000000207,-0.03298199999999696,1.475944499999997,2.811715500000002,-0.1493351666666669,-2.07521408229,-0.5854304999999975,-1.8057645000000004,-2.918906999999999,-2.5808415,0.0001125277777777778,-6.472222222222057e-06,3.527777777777969e-06,4.927777777777797e-05,8.977777777777792e-05,0.0,-5.839181722222212e-05,-1.3222222222222194e-05,-5.022222222222212e-05,-8.397222222222215e-05,-7.372222222222212e-05
636.0,1.949685534591195,0.00010300000000000001,-7.50000000000002e-06,0.0,4.2750000000000036e-05,7.925e-05,-1.111111111111126e-06,-5.540759500000001e-05,-1.424999999999994e-05,-5.400000000000001e-05,-7.450000000000002e-05,-6.925000000000003e-05,3.3971459999999993,-0.24736500000000206,0.0,1.4099805000000032,2.6138235000000023,-0.03664666666666605,-1.82745329829,-0.46999350000000106,-1.7810279999999992,-2.4571590000000008,-2.2840035000000007,0.00010411111111111114,-6.388888888888894e-06,1.111111111111126e-06,4.386111111111116e-05,8.036111111111113e-05,0.0,-5.429648388888888e-05,-1.3138888888888814e-05,-5.2888888888888885e-05,-7.33888888888889e-05,-6.81388888888889e-05
640.0,1.9375,0.00010199999999999988,-3.2499999999999977e-06,9.999999999999159e-07,3.6249999999999824e-05,7.649999999999996e-05,-1.472222222222261e-06,-5.0328175900000007e-05,-1.1249999999999975e-05,-4.775000000000005e-05,-6.750000000000001e-05,-6.263418750000003e-05,3.3641640000000024,-0.10719150000000255,0.03298199999999696,1.1955975000000052,2.5231229999999982,-0.04855683333332905,-1.6599238975338,-0.3710475000000031,-1.5748904999999986,-2.2262850000000007,-2.0658007721250007,0.00010347222222222214,-1.7777777777777367e-06,2.472222222222177e-06,3.7722222222222085e-05,7.797222222222222e-05,0.0,-4.8855953677777746e-05,-9.777777777777714e-06,-4.627777777777779e-05,-6.602777777777775e-05,-6.116196527777777e-05
644.0,1.9254658385093169,9.500000000000003e-05,-2.7500000000000397e-06,-2.168404344971009e-19,3.599999999999979e-05,7.025000000000022e-05,8.333333333332632e-07,-4.04939745e-05,-6.74999999999992e-06,-5.025e-05,-6.550000000000002e-05,-5.216508250000002e-05,3.1332899999999952,-0.09070050000000052,0.0,1.187351999999997,2.3169855000000013,0.02748499999999865,-1.335572266959,-0.222628499999999,-1.6573454999999981,-2.1603210000000006,-1.7205087510150001,9.416666666666677e-05,-3.583333333333303e-06,-8.333333333334801e-07,3.516666666666653e-05,6.941666666666695e-05,0.0,-4.1327307833333266e-05,-7.583333333333183e-06,-5.1083333333333265e-05,-6.633333333333328e-05,-5.2998415833333285e-05
648.0,1.9135802469135803,9.049999999999987e-05,-5.000000000000013e-06,-1.7499999999997986e-06,3.5749999999999975e-05,6.750000000000007e-05,2.638888888888938e-06,-3.40687025e-05,-2.7499999999999313e-06,-4.500000000000001e-05,-5.400000000000001e-05,-3.812435e-05,2.9848710000000125,-0.164909999999999,-0.0577184999999929,1.1791065000000032,2.2262850000000043,0.08703583333333498,-1.1236539458550001,-0.09070050000000407,-1.4841900000000017,-1.7810279999999992,-1.2574173117,8.786111111111093e-05,-7.638888888888951e-06,-4.3888888888887366e-06,3.3111111111111037e-05,6.486111111111113e-05,0.0,-3.6707591388888936e-05,-5.388888888888869e-06,-4.763888888888895e-05,-5.663888888888895e-05,-4.076323888888894e-05
652.0,1.901840490797546,7.949999999999993e-05,-2.9999999999999645e-06,-6.499999999999995e-06,2.849999999999988e-05,6.100000000000029e-05,5.805555555555447e-06,-2.4734690000000005e-05,-1.249999999999949e-06,-4.075000000000004e-05,-4.0750000000000015e-05,-3.766089e-05,2.6220690000000033,-0.09894599999999798,-0.214382999999998,0.939986999999995,2.011901999999999,0.1914788333333277,-0.8157995455799996,-0.041227499999997974,-1.3440165000000022,-1.3440165000000004,-1.24213147398,7.369444444444448e-05,-8.805555555555411e-06,-1.2305555555555442e-05,2.2694444444444433e-05,5.5194444444444843e-05,0.0,-3.054024555555545e-05,-7.055555555555396e-06,-4.655555555555549e-05,-4.655555555555546e-05,-4.346644555555545e-05
656.0,1.8902439024390243,5.250000000000003e-05,4.74999999999998e-06,-6.999999999999845e-06,2.1750000000000068e-05,4.7999999999999866e-05,5.722222222222175e-06,-3.7499999999999827e-06,-4.499999999999947e-06,-3.9499999999999984e-05,-3.675e-05,-2.55707295e-05,1.7315550000000002,0.15666449999999799,-0.23087399999999292,0.7173585000000031,1.583135999999996,0.1887303333333321,-0.12368249999999925,-0.14841900000000052,-1.3027890000000006,-1.2120885000000001,-0.8433738003689999,4.6777777777777855e-05,-9.722222222221947e-07,-1.272222222222202e-05,1.6027777777777893e-05,4.227777777777769e-05,0.0,-9.472222222222157e-06,-1.0222222222222121e-05,-4.522222222222216e-05,-4.2472222222222173e-05,-3.1292951722222174e-05
660.0,1.878787878787879,3.124999999999981e-05,1.025000000000006e-05,4.999999999998495e-07,2.1499999999999818e-05,2.7999999999999813e-05,8.416666666666663e-06,1.9749999999999992e-05,-1.7499999999999937e-05,-4.724999999999998e-05,-3.5499999999999996e-05,-4.838525000000001e-06,1.0306875000000062,0.3380655000000061,0.016491000000002032,0.709112999999995,0.9234960000000001,0.27759849999999986,0.6513945000000003,-0.5771850000000001,-1.5583994999999984,-1.1708610000000004,-0.15958423154999996,2.2833333333333147e-05,1.833333333333396e-06,-7.916666666666814e-06,1.3083333333333154e-05,1.958333333333315e-05,0.0,1.1333333333333329e-05,-2.59166666666666e-05,-5.5666666666666646e-05,-4.391666666666666e-05,-1.3255191666666665e-05
664.0,1.8674698795180722,4.25000000000013e-06,1.0500000000000093e-05,5.250000000000046e-06,1.9749999999999802e-05,1.2499999999999924e-05,-1.3888888888871458e-07,3.999999999999997e-05,-2.524999999999999e-05,-6.0249999999999974e-05,-3.2250000000000025e-05,1.5037624999999981e-06,0.14017350000000306,0.34631100000000004,0.1731554999999929,0.651394499999995,0.41227500000000106,-0.004580833333328371,1.3192799999999991,-0.8327954999999996,-1.9871655000000015,-1.0636695000000005,0.04959709477499974,4.388888888888845e-06,1.0638888888888807e-05,5.388888888888761e-06,1.9888888888888517e-05,1.2638888888888639e-05,0.0,4.0138888888888684e-05,-2.5111111111111276e-05,-6.011111111111126e-05,-3.211111111111131e-05,1.6426513888887127e-06
668.0,1.8562874251497006,5.499999999999863e-06,2.7499999999999313e-06,2.7499999999999313e-06,1.375000000000009e-05,1.299999999999999e-05,-1.2749999999999958e-05,4.400000000000004e-05,-3.0500000000000037e-05,-5.6999999999999976e-05,-2.975000000000002e-05,7.259517499999998e-06,0.18140099999999393,0.09070049999999696,0.09070049999999696,0.45350250000000614,0.428765999999996,-0.42052049999999497,1.4512080000000003,-1.0059509999999996,-1.8799740000000007,-0.9812145000000001,0.23943340618499942,1.824999999999982e-05,1.549999999999989e-05,1.549999999999989e-05,2.6500000000000048e-05,2.5749999999999948e-05,0.0,5.675e-05,-1.775000000000008e-05,-4.425000000000002e-05,-1.700000000000006e-05,2.0009517499999956e-05
672.0,1.8452380952380953,1.0999999999999942e-05,-1.2999999999999774e-05,-1.3250000000000024e-05,4.49999999999973e-06,1.450000000000019e-05,-1.5861111111111132e-05,3.7250000000000065e-05,-3.1749999999999986e-05,-4.475000000000003e-05,-1.9826449999999987e-05,1.2131680000000003e-05,0.36280200000000207,-0.428765999999996,-0.437011499999997,0.14841899999998986,0.4782390000000021,-0.523131166666662,1.2285794999999986,-1.0471785000000011,-1.4759445000000007,-0.6539159738999998,0.40012706975999945,2.6861111111111074e-05,2.8611111111113583e-06,2.6111111111111083e-06,2.0361111111110862e-05,3.0361111111111322e-05,0.0,5.31111111111112e-05,-1.5888888888888853e-05,-2.88888888888889e-05,-3.965338888888855e-06,2.7992791111111135e-05
676.0,1.834319526627219,1.450000000000019e-05,-3.975000000000007e-05,-4.7999999999999866e-05,-1.3249999999999807e-05,1.0000000000000026e-05,-2.4027777777777654e-05,3.0499999999999982e-05,-1.699999999999998e-05,-2.724999999999993e-05,-4.26159749999999e-06,1.4749999999999952e-05,0.478238999999995,-1.3110345000000052,-1.583135999999996,-0.437011499999997,0.329819999999998,-0.7924841666666644,1.0059509999999996,-0.5606940000000051,-0.8987594999999988,-0.1405560087450004,0.48648449999999954,3.8527777777777844e-05,-1.5722222222222418e-05,-2.397222222222221e-05,1.0777777777777847e-05,3.402777777777768e-05,0.0,5.4527777777777636e-05,7.0277777777776745e-06,-3.2222222222222765e-06,1.9766180277777664e-05,3.8777777777777606e-05
680.0,1.8235294117647058,1.925000000000017e-05,-7.275000000000011e-05,-8.57500000000001e-05,-4.1749999999999904e-05,3.249999999999781e-06,-2.924999999999998e-05,2.599999999999998e-05,-5.000000000000664e-07,-4.499999999999947e-06,1.8201167500000006e-05,2.374999999999998e-05,0.6349035000000001,-2.3994405000000114,-2.8282065000000074,-1.3769984999999991,0.10719149999999189,-0.9647234999999981,0.8575319999999991,-0.016491000000002032,-0.14841900000000052,0.6003109064849999,0.7833224999999997,4.850000000000015e-05,-4.3500000000000136e-05,-5.6500000000000127e-05,-1.2499999999999924e-05,3.249999999999976e-05,0.0,5.524999999999996e-05,2.8749999999999913e-05,2.4750000000000032e-05,4.7451167499999985e-05,5.299999999999996e-05
684.0,1.8128654970760234,1.774999999999997e-05,-0.00010500000000000006,-0.00013124999999999986,-7.975000000000018e-05,-1.349999999999984e-05,-3.583333333333325e-05,1.9250000000000007e-05,1.5749999999999922e-05,2.800000000000003e-05,4.9639247500000004e-05,4.225e-05,0.5854305000000011,-3.4631100000000004,-4.3288875,-2.6303144999999972,-0.4452570000000051,-1.1818549999999988,0.6349035000000001,0.5194665,0.9234960000000001,1.6372016610450002,1.3934895000000012,5.358333333333322e-05,-6.916666666666681e-05,-9.541666666666661e-05,-4.391666666666693e-05,2.2333333333333406e-05,0.0,5.5083333333333254e-05,5.158333333333317e-05,6.383333333333328e-05,8.547258083333325e-05,7.808333333333324e-05
688.0,1.802325581395349,1.299999999999999e-05,-0.00013725,-0.0001797499999999998,-0.0001307499999999998,-4.149999999999987e-05,-4.166666666666663e-05,1.7500000000000046e-05,4.375000000000006e-05,6.974999999999999e-05,8.3308885e-05,5.5250000000000015e-05,0.428765999999996,-4.526779499999989,-5.9285144999999915,-4.3123965000000055,-1.368752999999998,-1.3742499999999964,0.5771850000000001,1.4429625000000001,2.300494499999999,2.74769364507,1.8222555000000007,5.466666666666662e-05,-9.558333333333337e-05,-0.00013808333333333316,-8.908333333333316e-05,1.6666666666676107e-07,0.0,5.916666666666668e-05,8.541666666666669e-05,0.00011141666666666662,0.00012497555166666663,9.691666666666665e-05
692.0,1.7919075144508672,4.2499999999999136e-06,-0.0001814999999999998,-0.00022900000000000004,-0.00017949999999999997,-6.799999999999992e-05,-4.2722222222222207e-05,1.6499999999999913e-05,6.925000000000008e-05,0.00011350000000000005,0.000126969275,7.975000000000001e-05,0.14017350000000306,-5.986232999999999,-7.552878,-5.920269000000005,-2.242775999999999,-1.4090643333333333,0.5442029999999995,2.2840035000000007,3.7434569999999994,4.187700628050001,2.6303145000000017,4.697222222222212e-05,-0.0001387777777777776,-0.00018627777777777783,-0.00013677777777777777,-2.527777777777771e-05,0.0,5.922222222222212e-05,0.00011197222222222229,0.00015622222222222225,0.00016969149722222222,0.00012247222222222222
696.0,1.7816091954022988,-3.499999999999597e-06,-0.0002197499999999999,-0.00029075,-0.00023700000000000023,-9.450000000000018e-05,-4.6194444444444516e-05,1.5500000000000106e-05,9.499999999999992e-05,0.00017075,0.0001775323775,0.00010699999999999997,-0.11543700000001422,-7.247794499999998,-9.589516499999995,-7.81673399999999,-3.1167990000000003,-1.5235851666666704,0.5112210000000026,3.133289999999999,5.631676499999999,5.855372874704999,3.5290739999999996,4.269444444444492e-05,-0.00017355555555555538,-0.0002445555555555555,-0.00019080555555555572,-4.8305555555555667e-05,0.0,6.169444444444462e-05,0.00014119444444444444,0.00021694444444444452,0.00022372682194444452,0.0001531944444444445
700.0,1.7714285714285714,-1.8750000000000537e-05,-0.0002615,-0.0003522499999999997,-0.00030599999999999985,-0.0001447499999999999,-4.955555555555551e-05,2.325000000000005e-05,0.00012925000000000002,0.00023024999999999999,0.00024285548250000002,0.00014625,-0.6184124999999909,-8.624793000000011,-11.617909500000003,-10.092492000000007,-4.774144500000006,-1.6344413333333314,0.7668314999999986,4.262923500000003,7.594105499999998,8.009859523814999,4.823617500000001,3.080555555555497e-05,-0.0002119444444444445,-0.0003026944444444442,-0.00025644444444444434,-9.51944444444444e-05,0.0,7.280555555555556e-05,0.00017880555555555553,0.0002798055555555555,0.0002924110380555555,0.0001958055555555555
704.0,1.7613636363636365,-3.899999999999997e-05,-0.00029925000000000004,-0.0004232499999999998,-0.0003749999999999999,-0.00020425,-4.977777777777793e-05,3.799999999999995e-05,0.000165,0.00028875000000000005,0.000310043147,0.00018333874749999998,-1.2862980000000164,-9.869863500000001,-13.9596315,-12.368250000000003,-6.7365734999999916,-1.641770666666666,1.2533160000000017,5.442030000000003,9.523552499999997,10.225843074354,6.046878570044999,1.0777777777777955e-05,-0.0002494722222222221,-0.00037347222222222187,-0.00032522222222222197,-0.00015447222222222208,0.0,8.777777777777788e-05,0.00021477777777777793,0.000338527777777778,0.0003598209247777779,0.0002331165252777779
708.0,1.7514124293785311,-7.050000000000025e-05,-0.00033699999999999984,-0.00048650000000000017,-0.00044899999999999996,-0.0002539999999999999,-5.469444444444445e-05,5.600000000000006e-05,0.00020625000000000005,0.000353,0.00037789175775,0.00022910210999999998,-2.3252310000000023,-11.114934000000005,-16.045743,-14.808917999999998,-8.377427999999995,-1.8039321666666694,1.8469920000000002,6.8025375,11.642646,12.4636259541105,7.55624579202,-1.5805555555555798e-05,-0.0002823055555555554,-0.0004318055555555557,-0.0003943055555555555,-0.00019930555555555543,0.0,0.00011069444444444451,0.0002609444444444445,0.00040769444444444447,0.00043258620219444445,0.00028379655444444446
712.0,1.7415730337078652,-0.00010325000000000004,-0.00037699999999999995,-0.00055675,-0.0005195000000000002,-0.00031249999999999984,-4.969444444444444e-05,8.299999999999996e-05,0.0002457500000000001,0.0004205,0.00044538866500000007,0.0002818271625,-3.405391499999979,-12.434214000000004,-18.362728499999996,-17.134149000000008,-10.306874999999991,-1.6390221666666704,2.7375059999999998,8.105326500000004,13.868931,14.68980894903,9.295223473574998,-5.3555555555555604e-05,-0.0003273055555555555,-0.0005070555555555555,-0.0004698055555555558,-0.0002628055555555554,0.0,0.0001326944444444444,0.00029544444444444453,0.0004701944444444444,0.0004950831094444445,0.00033152160694444445
716.0,1.7318435754189945,-0.00014175000000000038,-0.00041175,-0.00062575,-0.0005987500000000001,-0.0003740000000000002,-4.980555555555576e-05,0.00011450000000000002,0.0002785,0.0004764999999999999,0.0005145847599999999,0.00034029336749999997,-4.675198500000008,-13.580338499999996,-20.6384865,-19.747972499999996,-12.335268000000013,-1.6426868333333289,3.7764390000000034,9.185487000000002,15.715923,16.97203455432,11.223555846885,-9.194444444444463e-05,-0.00036194444444444425,-0.0005759444444444442,-0.0005489444444444443,-0.00032419444444444444,0.0,0.00016430555555555578,0.00032830555555555575,0.0005263055555555557,0.0005643903155555557,0.00039009892305555573
720.0,1.7222222222222223,-0.00018975000000000025,-0.00044899999999999996,-0.0006845,-0.0006699999999999998,-0.00044150000000000005,-4.763888888888895e-05,0.00014825000000000005,0.00031225000000000014,0.00053025,0.0005893083725,0.00039824060749999997,-6.2583344999999895,-14.808918000000002,-22.576178999999996,-22.097939999999994,-14.561552999999996,-1.5712258333333367,4.8895815,10.298629499999997,17.488705500000002,19.436568741795,13.134771716565,-0.0001421111111111113,-0.000401361111111111,-0.000636861111111111,-0.0006223611111111109,-0.0003938611111111111,0.0,0.000195888888888889,0.0003598888888888891,0.000577888888888889,0.000636947261388889,0.0004458794963888889
724.0,1.712707182320442,-0.00022924999999999985,-0.0004797499999999998,-0.0007442499999999999,-0.000742,-0.0004984999999999998,-3.3694444444444483e-05,0.00018125,0.0003625,0.0005905000000000001,0.0006605731200000001,0.00045549999999999996,-7.561123499999994,-15.823114499999999,-24.546853499999997,-24.472644000000003,-16.44152699999998,-1.1113101666666694,5.977987499999998,11.955975000000002,19.475871000000005,21.78702264384,15.023301,-0.00019555555555555537,-0.00044605555555555533,-0.0007105555555555554,-0.0007083055555555556,-0.00046480555555555533,0.0,0.00021494444444444447,0.00039619444444444446,0.0006241944444444446,0.0006942675644444446,0.0004891944444444444
728.0,1.7032967032967032,-0.0002757500000000004,-0.0005090000000000001,-0.0008014999999999999,-0.0008115000000000002,-0.0005647500000000001,-2.400000000000015e-05,0.0002225,0.00039324999999999983,0.0006550000000000001,0.0007370126600000001,0.0005185,-9.094786500000012,-16.787838,-26.435073,-26.764893,-18.626584500000007,-0.791567999999998,7.338494999999998,12.9701715,21.603209999999997,24.30815155212,17.101167,-0.00025175000000000024,-0.00048499999999999997,-0.0007774999999999998,-0.0007875,-0.00054075,0.0,0.00024650000000000014,0.00041725,0.0006790000000000002,0.0007610126600000002,0.0005425000000000001
732.0,1.6939890710382515,-0.0003384999999999998,-0.00053725,-0.0008522499999999999,-0.0008857499999999998,-0.00064225,-2.411111111111125e-05,0.0002727499999999999,0.00042524999999999985,0.00071325,0.00081850136,0.0005785,-11.164406999999997,-17.7195795,-28.108909499999996,-29.213806500000004,-21.18268950000001,-0.7952326666666636,8.9958405,14.025595500000001,23.524411500000003,26.99581185552,19.080087,-0.0003143888888888886,-0.0005131388888888887,-0.0008281388888888887,-0.0008616388888888886,-0.0006181388888888888,0.0,0.00029686111111111113,0.0004493611111111111,0.0007373611111111113,0.0008426124711111112,0.0006026111111111113
736.0,1.684782608695652,-0.00039175000000000017,-0.0005597499999999999,-0.00090825,-0.00095425,-0.00072075,-2.4638888888888714e-05,0.00032450000000000003,0.00045675,0.0007722499999999999,0.000891,0.0006392500000000001,-12.920698499999986,-18.461674500000004,-29.955901499999996,-31.473073499999998,-23.77177650000001,-0.8126398333333356,10.702658999999999,15.064528500000002,25.470349499999998,29.386961999999997,21.083743499999997,-0.00036711111111111146,-0.0005351111111111112,-0.0008836111111111113,-0.0009296111111111113,-0.0006961111111111113,0.0,0.00034913888888888874,0.00048138888888888873,0.0007968888888888886,0.0009156388888888887,0.0006638888888888888
740.0,1.6756756756756757,-0.0004574999999999998,-0.0005874999999999999,-0.0009544999999999999,-0.0010345,-0.0007912500000000003,-2.1638888888888966e-05,0.0003899156825,0.0004877499999999999,0.0008277499999999999,0.0009669999999999998,0.0007124999999999999,-15.089265000000012,-19.376924999999996,-31.481319,-34.119879,-26.097007500000004,-0.7136938333333447,12.860199040215,16.086970500000003,27.300850500000003,31.893594,23.499674999999996,-0.0004358611111111108,-0.000565861111111111,-0.000932861111111111,-0.001012861111111111,-0.0007696111111111113,0.0,0.00041155457138888896,0.0005093888888888889,0.0008493888888888889,0.0009886388888888887,0.0007341388888888889
744.0,1.6666666666666667,-0.0005310000000000002,-0.0006052500000000001,-0.00101675,-0.0011,-0.000871,-1.6749999999999838e-05,0.000442401547,0.0005282499999999999,0.0008807500000000001,0.001031,0.0007904226274999999,-17.51344199999999,-19.962355499999994,-33.534448499999996,-36.28020000000001,-28.727322,-0.5524485000000041,14.591287823154,17.4227415,29.048896499999998,34.004442,26.069719100205003,-0.0005142500000000004,-0.0005885000000000003,-0.0010000000000000002,-0.0010832500000000002,-0.0008542500000000002,0.0,0.00045915154699999986,0.0005449999999999997,0.0008975,0.0010477499999999999,0.0008071726274999998
748.0,1.6577540106951871,-0.0006052499999999999,-0.0006280000000000001,-0.0010645,-0.001162,-0.0009520000000000002,-1.3249999999999807e-05,0.00050875,0.0005645000000000001,0.0009347499999999998,0.0010942500000000002,0.0008606440825,-19.9623555,-20.712696,-35.109339,-38.325084000000004,-31.398864000000007,-0.43701150000000055,16.7795925,18.618338999999995,30.8299245,36.0905535,28.385763129015,-0.0005920000000000001,-0.0006147500000000003,-0.00105125,-0.0011487500000000002,-0.0009387500000000003,0.0,0.0005219999999999998,0.0005777499999999999,0.0009479999999999996,0.0011075,0.0008738940824999998
752.0,1.648936170212766,-0.0006804999999999997,-0.0006450000000000002,-0.0011035,-0.0012265,-0.00101725,-4.888888888888803e-06,0.0005722500000000001,0.0005809999999999999,0.00098,0.0011719999999999999,0.00092577136175,-22.444250999999994,-21.273389999999992,-36.395636999999994,-40.452422999999996,-33.5509395,-0.16124533333333346,18.8739495,19.162542,32.322359999999996,38.654904,30.533791053238502,-0.0006756111111111109,-0.0006401111111111114,-0.0010986111111111114,-0.0012216111111111112,-0.001012361111111111,0.0,0.0005771388888888889,0.0005858888888888887,0.0009848888888888889,0.0011768888888888888,0.0009306602506388888
756.0,1.6402116402116402,-0.0007404999999999998,-0.00065825,-0.00113,-0.00127975,-0.00107625,-4.86111111111119e-06,0.00064025,0.00059525,0.00102475,0.0012282499999999997,0.0009809839949999999,-24.42317099999999,-21.710401500000003,-37.269659999999995,-42.208714500000006,-35.4968775,-0.16032916666666708,21.1167255,19.632535500000003,33.7983045,40.5101415,32.354814123089994,-0.0007356388888888886,-0.0006533888888888888,-0.0011251388888888886,-0.0012748888888888888,-0.0010713888888888887,0.0,0.0006451111111111112,0.0006001111111111112,0.0010296111111111114,0.001233111111111111,0.0009858451061111112
760.0,1.631578947368421,-0.0008047499999999999,-0.0006612499999999999,-0.00114145174,-0.0013147247925,-0.00112875,-3.3333333333333782e-06,0.00070575,0.0006120000000000001,0.00104075,0.0012747499999999998,0.001037,-26.5422645,-21.809347499999998,-37.647361288679996,-43.362253106235,-37.2284325,-0.1099400000000017,23.277046500000004,20.184984,34.3260165,42.04380449999999,34.20233400000001,-0.0008014166666666665,-0.0006579166666666666,-0.0011381184066666665,-0.0013113914591666668,-0.0011254166666666665,0.0,0.0007090833333333334,0.0006153333333333335,0.0010440833333333335,0.0012780833333333333,0.0010403333333333332
764.0,1.6230366492146597,-0.000853,-0.0006730000000000001,-0.001161678675,-0.0013509653495,-0.0011722500000000001,9.44444444444365e-07,0.00075275,0.0006267499999999999,0.0010545,0.0013,0.0010817500000000002,-28.133646000000006,-22.196885999999996,-38.31448605885,-44.557539157209,-38.663149499999996,0.03114966666666774,24.8272005,20.671468500000003,34.77951900000001,42.8766,35.6782785,-0.0008539444444444444,-0.0006739444444444445,-0.0011626231194444446,-0.0013519097939444446,-0.0011731944444444446,0.0,0.0007518055555555556,0.0006258055555555556,0.0010535555555555558,0.0012990555555555555,0.0010808055555555558
768.0,1.6145833333333333,-0.0008909999999999999,-0.0006644999999999998,-0.0011677162424999997,-0.001348140405,-0.00119675,9.305555555555586e-06,0.0007922249650000001,0.00062575,0.0010545,0.00131625,0.00112975,-29.386962000000004,-21.916538999999997,-38.513617110135,-44.46436683771,-39.471208499999996,0.30691583333333483,26.12916379563,20.638486500000006,34.779519,43.412557500000005,37.261414499999994,-0.0009003055555555555,-0.0006738055555555554,-0.0011770217980555553,-0.0013574459605555555,-0.0012060555555555555,0.0,0.0007829194094444445,0.0006164444444444444,0.0010451944444444445,0.0013069444444444443,0.0011204444444444443
772.0,1.6062176165803108,-0.0009347499999999998,-0.00064725,-0.0011567500000000002,-0.0013412499999999998,-0.00121575,1.433333333333332e-05,0.00083887388,0.0006200000000000001,0.0010475,0.001312,0.00115525,-30.829924499999997,-21.3475995,-38.1519285,-44.2371075,-40.0978665,0.4727420000000002,27.667738310159997,20.448839999999997,34.54864500000001,43.272384,38.1024555,-0.0009490833333333331,-0.0006615833333333334,-0.0011710833333333334,-0.0013555833333333332,-0.0012300833333333335,0.0,0.0008245405466666667,0.0006056666666666668,0.0010331666666666666,0.0012976666666666666,0.0011409166666666668
776.0,1.597938144329897,-0.00093475,-0.000627,-0.001128,-0.00131725,-0.00120167412,1.4805555555555665e-05,0.0008684999999999999,0.0006052499999999999,0.0010247499999999998,0.0012939999999999998,0.00115475,-30.8299245,-20.679713999999997,-37.20369600000001,-43.445539499999995,-39.63361582584,0.48831683333333586,28.644866999999998,19.962355499999994,33.7983045,42.678708,38.085964499999996,-0.0009495555555555557,-0.0006418055555555556,-0.0011428055555555558,-0.0013320555555555557,-0.0012164796755555556,0.0,0.0008536944444444442,0.0005904444444444442,0.0010099444444444442,0.0012791944444444441,0.0011399444444444443
780.0,1.5897435897435896,-0.0009327500000000001,-0.0005887500000000001,-0.0010715,-0.00127575,-0.0011743304004000002,7.2499999999999865e-06,0.00088425,0.00056825,0.0009724999999999998,0.00124525,0.0011377499999999999,-30.763960499999996,-19.418152499999998,-35.340213,-42.0767865,-38.7317652659928,0.23911950000000104,29.164333500000005,18.742021499999993,32.074995,41.070835499999994,37.52527049999999,-0.0009400000000000001,-0.0005960000000000001,-0.0010787499999999998,-0.0012829999999999999,-0.0011815804004000003,0.0,0.0008770000000000001,0.000561,0.0009652499999999999,0.001238,0.0011305
784.0,1.5816326530612246,-0.000894,-0.00055225,-0.0009985,-0.00120575,-0.0011304856147500001,1.7305555555555672e-05,0.0008685,0.0005367500000000001,0.000905,0.0011745,0.0010905,-29.485908000000002,-18.2143095,-32.932527,-39.7680465,-37.285676545684495,0.5707718333333354,28.644866999999998,17.7030885,29.84871,38.737359000000005,35.966871,-0.0009113055555555557,-0.0005695555555555557,-0.0010158055555555558,-0.0012230555555555558,-0.0011477911703055557,0.0,0.0008511944444444444,0.0005194444444444444,0.0008876944444444443,0.0011571944444444442,0.0010731944444444443
788.0,1.5736040609137056,-0.0008504999999999999,-0.00049925,-0.00091525,-0.00111475,-0.0010398324335,1.705555555555553e-05,0.0008452500000000001,0.00046600000000000005,0.0008107500000000002,0.0010764999999999998,0.0010025,-28.051191,-16.4662635,-30.1867755,-36.766684500000004,-34.295753321697,0.5625263333333343,27.878035499999996,15.369612000000004,26.740156499999998,35.505123,33.064454999999995,-0.0008675555555555554,-0.0005163055555555555,-0.0009323055555555556,-0.0011318055555555556,-0.0010568879890555556,0.0,0.0008281944444444446,0.0004489444444444445,0.0007936944444444446,0.0010594444444444442,0.0009854444444444444
792.0,1.5656565656565657,-0.0007827499999999999,-0.0004452499999999999,-0.0008172975399999999,-0.00097875,-0.0009238179505,1.1055555555555493e-05,0.00079925,0.00040050000000000003,0.0006970000000000001,0.0009570000000000001,0.0008987499999999999,-25.816660500000005,-14.6852355,-26.956107464279995,-32.2811325,-30.469363643391002,0.3646343333333384,26.360863500000004,13.209290999999993,22.988453999999997,31.563774000000002,29.642572499999996,-0.0007938055555555554,-0.0004563055555555554,-0.0008283530955555554,-0.0009898055555555554,-0.0009348735060555554,0.0,0.0007881944444444446,0.00038944444444444454,0.0006859444444444446,0.0009459444444444446,0.0008876944444444444
796.0,1.5577889447236182,-0.0006955,-0.00038375,-0.0007267945345,-0.00084480803,-0.0008204411625,2.277777777777803e-06,0.0007449999999999998,0.00033375000000000006,0.0005922500000000001,0.0008374999999999999,0.0008005,-22.938981,-12.656842499999998,-23.971137336879,-27.86345844546,-27.059790421575002,0.07512566666666132,24.571589999999993,11.007742499999999,19.5335895,27.622425000000003,26.402091,-0.0006977777777777778,-0.0003860277777777778,-0.0007290723122777778,-0.0008470858077777779,-0.0008227189402777778,0.0,0.000742722222222222,0.00033147222222222226,0.0005899722222222223,0.0008352222222222221,0.0007982222222222222
800.0,1.55,-0.0005945,-0.000335,-0.000610371735,-0.00073173573,-0.00068000848,-1.6111111111111057e-05,0.0006644999999999999,0.0002702499999999999,0.00046575000000000023,0.0007019999999999999,0.0006867500000000001,-19.607798999999996,-11.04897,-20.131280563769998,-24.13410784686,-22.42803968736,-0.5313766666666666,21.916539,8.913385500000004,15.361366500000003,23.153364,22.6503885,-0.0005783888888888889,-0.00031888888888888895,-0.0005942606238888889,-0.0007156246188888889,-0.0006638973688888889,0.0,0.000680611111111111,0.00028636111111111093,0.0004818611111111113,0.000718111111111111,0.0007028611111111111
