wavelength,energy,-10_absorption,-2_absorption,-4_absorption,-6_absorption,-8_absorption,0_absorption,10_absorption,2_absorption,4_absorption,6_absorption,8_absorption,-10_abs_diff,-2_abs_diff,-4_abs_diff,-6_abs_diff,-8_abs_diff,0_abs_diff,10_abs_diff,2_abs_diff,4_abs_diff,6_abs_diff,8_abs_diff
400.0,3.1,0.4251876842250861,0.41768754719589296,0.41847384455910586,0.4165116067354997,0.4118160592569926,0.38004079927051837,0.4275516375847419,0.41044578173592927,0.41309616843570884,0.4203980592311485,0.4130036638992294,0.045146884954567756,0.03764674792537459,0.038433045288587486,0.036470807464981325,0.031775259986474236,0.0,0.047510838314223536,0.0304049824654109,0.033055369165190474,0.04035725996063011,0.03296286462871101
404.0,3.0693069306930694,0.5816923128782867,0.5864478649802438,0.5857610646447686,0.582590393638929,0.5771500529297366,0.5778396595637965,0.571594417164333,0.5780339060670046,0.5784365457822358,0.583991682575582,0.5728746566795035,0.003852653314490251,0.008608205416447356,0.007921405080972166,0.00475073407513249,-0.0006896066340598139,0.0,-0.0062452423994634465,0.00019424650320809533,0.0005968862184393409,0.0061520230117855235,-0.004965002884292913
408.0,3.0392156862745097,0.5701693755838619,0.5747799230911945,0.5734017905539992,0.5707346522958643,0.5643444027115905,0.5676096079545376,0.5571440964558119,0.5653973842330713,0.5679651109951647,0.5712870537695522,0.5610605279256973,0.0025597676293243055,0.007170315136656891,0.0057921825994615705,0.003125044341326655,-0.0032652052429471556,0.0,-0.010465511498725766,-0.0022122237214663443,0.0003555030406270365,0.0036774458150146128,-0.0065490800288403594
412.0,3.0097087378640777,0.5526448916525815,0.5568948241911889,0.5555893694590472,0.5526130102286244,0.548734633403037,0.5497996122987852,0.5388505792820415,0.5475503831969328,0.5506580216041856,0.5543198109341176,0.545753590387636,0.002845279353796304,0.007095211892403697,0.005789757160262088,0.0028133979298392564,-0.001064978895748192,0.0,-0.010949033016743659,-0.0022492291018523236,0.0008584093054004871,0.004520198635332484,-0.004046021911149111
416.0,2.980769230769231,0.5354744492182575,0.5395935840249804,0.5388045549630194,0.5368404199040986,0.5327761681691059,0.5334239819024076,0.5241182079047562,0.5323727945570242,0.5355953112466505,0.5387510661661745,0.5300518972691957,0.002050467315849902,0.0061696021225727815,0.005380573060611793,0.0034164380016910023,-0.0006478137333016942,0.0,-0.009305773997651423,-0.001051187345383342,0.0021713293442429116,0.005327084263766935,-0.0033720846332119248
420.0,2.9523809523809526,0.5211950109272152,0.525279740465225,0.5247194582271275,0.5215762605899026,0.5184111447151141,0.5194540226649977,0.5102350255459944,0.5199881312006718,0.5220892265563919,0.5240695126195394,0.5165731542377752,0.0017409882622174688,0.005825717800227226,0.005265435562129772,0.002122237924904846,-0.0010428779498836693,0.0,-0.009218997119003314,0.0005341085356740383,0.0026352038913941556,0.004615489954541641,-0.0028808684272225715
424.0,2.9245283018867925,0.5081169012820912,0.5126601892957536,0.5124431728066194,0.5091176399093482,0.5052835164985257,0.5067493954155067,0.49738384799948143,0.5077252307716904,0.5095990624701447,0.5113943926134397,0.5049743491175,0.0013675058665845174,0.005910793880246956,0.005693777391112764,0.0023682444938415426,-0.0014658789169810227,0.0,-0.009365547416025244,0.0009758353561837296,0.002849667054638072,0.004644997197932987,-0.0017750462980066217
428.0,2.897196261682243,0.49539993757896106,0.5007506143188061,0.5002748295070527,0.49615839703785625,0.4918208940613009,0.4945815973020371,0.4866148263161174,0.4955140389266748,0.4977262474118611,0.4999509138955822,0.49257684330098384,0.0008183402769239567,0.006169017016768974,0.005693232205015608,0.0015767997358191455,-0.0027607032407361842,0.0,-0.007966770985919691,0.000932441624637681,0.00314465010982401,0.005369316593545115,-0.002004754001053266
432.0,2.8703703703703702,0.4841532644743267,0.4895476525064848,0.4889189993853058,0.48499825515617934,0.4816858610487931,0.48402516677778107,0.4764989364756136,0.4845539815327784,0.48726324661155407,0.4896124533475652,0.4790911590758662,0.00012809769654564818,0.00552248572870373,0.00489383260752474,0.000973088378398268,-0.002339305728987995,0.0,-0.00752623030216748,0.000528814754997331,0.003238079833773,0.005587286569784133,-0.004934007701914878
436.0,2.8440366972477062,0.47421214605728035,0.479157163471555,0.47872745916453874,0.47393819386987257,0.4714740993377673,0.47452295792028987,0.4675232709081534,0.47351656535467734,0.47718590710033126,0.4798562828583375,0.46871078553458423,-0.00031081186300951913,0.004634205551265147,0.0042045012442488705,-0.0005847640504172968,-0.0030488585825225734,0.0,-0.006999687012136491,-0.0010063925656125239,0.0026629491800413962,0.005333324938047612,-0.005812172385705638
440.0,2.8181818181818183,0.4657896656112337,0.4703923620744337,0.4706443065541508,0.46412820157547774,0.4628287006344365,0.4660834623124681,0.45925312566101795,0.46530126603380695,0.4686889478986864,0.47052631095905806,0.46147688701245415,-0.0002937967012344167,0.004308899761965579,0.004560844241682682,-0.001955260736990372,-0.0032547616780316257,0.0,-0.006830336651450164,-0.0007821962786611625,0.0026054855862183146,0.0044428486465899475,-0.00460657530001396
444.0,2.7927927927927927,0.4578169135105712,0.4625894160364885,0.46280129041591156,0.45616901345209504,0.45570588820040103,0.45856888120832107,0.45294829050338326,0.46044946518411267,0.46129689025235177,0.4639833755664784,0.45403753136513303,-0.0007519676977498779,0.0040205348281674436,0.004232409207590493,-0.002399867756226026,-0.002862993007920034,0.0,-0.005620590704937811,0.0018805839757916054,0.002728009044030699,0.005414494358157329,-0.004531349843188037
448.0,2.767857142857143,0.45108904685344964,0.45714323288238123,0.4574124385432219,0.4509705262329251,0.4501392799465733,0.45231253184862696,0.4470101408727001,0.45516739728392364,0.45614010697887064,0.45971132232258305,0.44581881843901705,-0.0012234849951773263,0.00483070103375427,0.0050999066945949245,-0.0013420056157018578,-0.002173251902053641,0.0,-0.005302390975926885,0.002854865435296672,0.0038275751302436767,0.007398790473956085,-0.006493713409609914
452.0,2.743362831858407,0.4469790193184333,0.45350464259634227,0.45392215772284583,0.446218136005315,0.44664515647251113,0.4487052699355176,0.4407703151432947,0.4510675025425508,0.4527498040176361,0.4568656343363937,0.4425270004419557,-0.0017262506170843128,0.004799372660824641,0.005216887787328206,-0.002487133930202612,-0.0020601134630064966,0.0,-0.007934954792222948,0.0023622326070331656,0.004044534082118467,0.008160364400876086,-0.0061782694935619276
456.0,2.719298245614035,0.44447170029237926,0.4511295849949457,0.4511434132473904,0.4439106718386907,0.4437590707836585,0.446589596444825,0.44171237906410643,0.448163499096766,0.45241785375931043,0.45470192209219795,0.43929339032127834,-0.0021178961524457307,0.0045399885501207216,0.004553816802565391,-0.002678924606134281,-0.002830525661166483,0.0,-0.004877217380718557,0.001573902651941017,0.005828257314485441,0.008112325647372964,-0.007296206123546645
460.0,2.6956521739130435,0.44315557883008805,0.449064978846335,0.4485385090083238,0.44292375889401625,0.44256597078981597,0.44479052060379565,0.4440714742130678,0.44642800604643673,0.44885127799911184,0.4534891348235448,0.4381698068650697,-0.0016349417737075989,0.0042744582425393585,0.0037479884045281686,-0.0018667617097793965,-0.0022245498139796815,0.0,-0.0007190463907278399,0.0016374854426410845,0.004060757395316195,0.008698614219749157,-0.00662071373872597
464.0,2.6724137931034484,0.44242759021591427,0.44841533003882095,0.4484217176267873,0.44349499448865193,0.4420687755419108,0.4439901540312283,0.444737420859908,0.44654570614862443,0.4475743114630919,0.45306597719043706,0.43826844796815556,-0.0015625638153140553,0.004425176007592624,0.004431563595558963,-0.0004951595425763955,-0.0019213784893175045,0.0,0.0007472668286796491,0.0025555521173961093,0.003584157431863577,0.00907582315920874,-0.005721706063072762
468.0,2.6495726495726495,0.44357070363321505,0.4493632159977037,0.44942524746918355,0.4448313723046229,0.44264402628676347,0.4453629588292216,0.44512763077668516,0.44724606408306444,0.44785539856804824,0.4540792224120378,0.44221304282907803,-0.0017922551960065647,0.004000257168482069,0.004062288639961942,-0.0005315865245987261,-0.002718932542458141,0.0,-0.00023532805253645428,0.0018831052538428317,0.002492439738826624,0.008716263582816186,-0.003149916000143582
472.0,2.6271186440677967,0.44562193131915295,0.4516335494218189,0.4519315229350864,0.44817422589301326,0.4455268693426009,0.4465528656801381,0.44703309836637617,0.4495617567082004,0.4500964186250498,0.45657629096702035,0.44437164170475785,-0.000930934360985125,0.005080683741680803,0.005378657254948349,0.001621360212875178,-0.0010259963375371939,0.0,0.00048023268623809123,0.0030088910280623438,0.00354355294491171,0.01002342528688227,-0.002181223975380231
476.0,2.6050420168067228,0.44960734269970315,0.45593384884061305,0.45602819365213065,0.4535114552773116,0.44932808852435824,0.451696119703312,0.45188062092685155,0.4538542061807853,0.4547831610209152,0.46096881792699396,0.4492733750007538,-0.002088777003608877,0.004237729137301027,0.004332073948818627,0.001815335573999599,-0.002368031178953789,0.0,0.0001845012235395238,0.0021580864774732866,0.0030870413176031786,0.00927269822368193,-0.0024227447025582105
480.0,2.5833333333333335,0.4565077773741886,0.4622512670232408,0.4631794113353169,0.4595963529266125,0.4553671008017832,0.4579100782792429,0.4591740164586908,0.46021097140740075,0.46133490611906613,0.4675825477225606,0.4550244491102875,-0.0014023009050543322,0.004341188743997915,0.0052693330560740215,0.00168627464736959,-0.0025429774774596847,0.0,0.001263938179447921,0.0023008931281578437,0.00342482783982323,0.009672469443317677,-0.002885629168955406
484.0,2.56198347107438,0.4650592185073199,0.47082273977724487,0.4718260740274891,0.468219426132535,0.4639963380088168,0.4667287986890656,0.4682854337526985,0.4690655720275305,0.4701667809104664,0.47624180566845786,0.4630530948993512,-0.001669580181745678,0.004093941088179287,0.005097275338423524,0.0014906274434693945,-0.002732460680248794,0.0,0.0015566350636329052,0.002336773338464937,0.0034379822214007927,0.00951300697939228,-0.0036757037897143796
488.0,2.540983606557377,0.4778917323007912,0.4821899634005784,0.4834570620107985,0.4801239201653251,0.47596481799233015,0.4788864357417373,0.4798988183033679,0.4803075898918472,0.4816784378594774,0.48810666717001916,0.47499375067532434,-0.0009947034409460986,0.003303527658841121,0.00457062626906124,0.0012374844235878424,-0.002921617749407135,0.0,0.0010123825616306092,0.0014211541501099045,0.002792002117740111,0.009220231428281878,-0.0038926850664129375
492.0,2.5203252032520327,0.49269366992216534,0.49612959400341783,0.49775061222531747,0.49366380796362086,0.4901486797081065,0.49289990861852817,0.4935687109421094,0.49453503382401864,0.49553406495944285,0.5019606308981728,0.4853015747349434,-0.000206238696362826,0.003229685384889658,0.004850703606789297,0.000763899345092689,-0.002751228910421677,0.0,0.0006688023235812413,0.001635125205490473,0.002634156340914684,0.009060722279644606,-0.007598333883584774
496.0,2.5,0.5097824798515536,0.5139775496767025,0.5148054078573567,0.5107913375116588,0.5072954010112372,0.5098803420651767,0.5102017489808663,0.5112943243179537,0.5119565895141935,0.5191005054303559,0.5039122935754621,-9.786221362317882e-05,0.004097207611525766,0.0049250657921799945,0.0009109954464820991,-0.0025849410539395823,0.0,0.0003214069156896038,0.0014139822527770018,0.0020762474490167993,0.009220163365179168,-0.005968048489714661
500.0,2.48,0.5295719513036923,0.5324211343669132,0.5334920773555709,0.529669022036666,0.524897765843783,0.5283311149472381,0.528763907184755,0.5299833805733964,0.5308098177491958,0.5379318838855252,0.5257377015661668,0.0012408363564542224,0.004090019419675128,0.005160962408332859,0.0013379070894279366,-0.0034333491034550523,0.0,0.0004327922375169102,0.001652265626158389,0.0024787028019577217,0.009600768938287096,-0.002593413381071219
504.0,2.4603174603174605,0.5500271705000204,0.5520520746520514,0.5537555735265873,0.5505062288465374,0.5436015027535022,0.5483227700124713,0.5484978781851728,0.5491761375798445,0.5512896057731158,0.5584546867669054,0.5464021655859441,0.0017044004875490515,0.0037293046395801,0.005432803514116014,0.002183458834066121,-0.004721267258969153,0.0,0.00017510817270149914,0.0008533675673731977,0.002966835760644493,0.010131916754434034,-0.0019206044265271949
508.0,2.440944881889764,0.5701841624957529,0.5729487277729604,0.5748066631251096,0.5708046517401333,0.5636768407806705,0.5689716095571167,0.5685276384076097,0.5695484463938252,0.570306137829409,0.5789682332896458,0.5658463716149991,0.0012125529386362022,0.003977118215843678,0.005835053567992965,0.0018330421830166088,-0.00529476877644619,0.0,-0.00044397114950700534,0.0005768368367085053,0.0013345282722923013,0.009996623732529075,-0.003125237942117609
512.0,2.421875,0.5890445442144103,0.5925006463688773,0.5939251416324041,0.5899791564259773,0.5825991105027963,0.5886339032129049,0.5876163116334325,0.5894089917862324,0.5887830535328595,0.5978602923177938,0.5846458211749042,0.0004106410015054518,0.003866743155972463,0.005291238419499189,0.0013452532130724393,-0.006034792710108539,0.0,-0.0010175915794723434,0.0007750885733275314,0.00014915031995466066,0.009226389104888932,-0.003988082038000718
516.0,2.4031007751937983,0.605772209322661,0.6095933289823205,0.6116609734874954,0.6074182904628918,0.6003960750759019,0.6056971408498053,0.6047913871909372,0.6068369880184641,0.6065562955962451,0.6152688799051842,0.6019588702863219,7.506847285565499e-05,0.0038961881325152437,0.00596383263769007,0.0017211496130864479,-0.005301065773903435,0.0,-0.0009057536588681359,0.0011398471686587808,0.0008591547464398275,0.009571739055378892,-0.0037382705634834146
520.0,2.3846153846153846,0.6188546729300461,0.6229124228934,0.6249879207453444,0.6208457152077185,0.6140191349804498,0.6187727508257119,0.6159566942220529,0.6199658893053779,0.6212689415881938,0.6287408564625088,0.6146365624466164,8.192210433421998e-05,0.0041396720676880605,0.006215169919632446,0.002072964382006548,-0.004753615845262127,0.0,-0.002816056603659023,0.001193138479665956,0.0024961907624818647,0.009968105636796842,-0.004136188379095573
524.0,2.366412213740458,0.6266540005562766,0.6312311581067536,0.6332955573816683,0.6294494694388542,0.6215135743667084,0.6262312463228128,0.62606738664216,0.6278890472333647,0.6291485028372179,0.6361649132475102,0.6215157602601593,0.000422754233463829,0.004999911783940769,0.007064311058855521,0.0032182231160413632,-0.004717671956104397,0.0,-0.00016385968065280032,0.0016578009105518987,0.002917256514405109,0.009933666924697437,-0.0047154860626534845
528.0,2.3484848484848486,0.6283528940208816,0.6323182758900003,0.6351692685769541,0.6311788793118689,0.6231885134182538,0.6279116503843358,0.6279608695546841,0.6286200153698953,0.6300166484239189,0.6371903300878239,0.622983469858063,0.0004412436365457406,0.004406625505664508,0.007257618192618276,0.0032672289275330613,-0.004723136966082064,0.0,4.921917034828027e-05,0.0007083649855594842,0.0021049980395830836,0.009278679703488057,-0.004928180526272863
532.0,2.330827067669173,0.6225934124742274,0.6268350747296179,0.6290125487420417,0.6253010645418011,0.6180640294852191,0.6217427610162225,0.6216600359788407,0.6224073362359375,0.6238682379913654,0.6317020004368714,0.6189290122653013,0.0008506514580048918,0.005092313713395358,0.00726978772581921,0.003558303525578621,-0.0036787315310033986,0.0,-8.272503738182557e-05,0.000664575219714969,0.0021254769751428704,0.009959239420648913,-0.002813748750921219
536.0,2.3134328358208953,0.6095183315705761,0.6142212711146178,0.6157561207772733,0.6114404058153731,0.6056791435420852,0.6087136702308567,0.608287129646158,0.6101093881271777,0.6106805922976393,0.6184707785680172,0.6062845631253075,0.0008046613397194591,0.005507600883761121,0.007042450546416612,0.0027267355845164154,-0.003034526688771466,0.0,-0.0004265405846985981,0.0013957178963210914,0.001966922066782617,0.009757108337160592,-0.002429107105549111
540.0,2.2962962962962963,0.5900769968261965,0.5950595725111663,0.5971381568643881,0.592419034556509,0.5864687109792635,0.5893455808957277,0.5885003422999286,0.5907286222147101,0.5908398208259333,0.5992300404358648,0.5870310402387793,0.0007314159304687706,0.005713991615438507,0.007792575968660342,0.003073453660781267,-0.0028768699164642975,0.0,-0.0008452385957991027,0.0013830413189823698,0.0014942399302055875,0.009884459540137058,-0.0023145406569484717
544.0,2.2794117647058822,0.5646023857078895,0.57001382348392,0.5720252714652099,0.5671065316234116,0.5612996183044854,0.5636261813173211,0.5627160338460442,0.5646701511729582,0.5645830439640229,0.573810860656351,0.5610649947866044,0.000976204390568336,0.006387642166598928,0.008399090147888755,0.0034803503060905072,-0.002326563012835736,0.0,-0.0009101474712769342,0.0010439698556370391,0.000956862646701806,0.01018467933902989,-0.002561186530716686
548.0,2.2627737226277373,0.5353170158432876,0.5399078658566339,0.5428185464464845,0.5375611046488113,0.5321851222659115,0.5342755332226219,0.5334257614077615,0.534965218368403,0.5357664783426863,0.5445684868148326,0.5320905409655248,0.0010414826206657235,0.005632332634011972,0.008543013223862639,0.0032855714261894597,-0.0020904109567103646,0.0,-0.000849771814860345,0.0006896851457811604,0.0014909451200644241,0.010292953592210718,-0.002184992257097118
552.0,2.246376811594203,0.5029620870438023,0.507382077812927,0.5100521167522836,0.5050351345140429,0.4999088053171157,0.5018052902240897,0.5014743566471092,0.5020246626332561,0.5038291398803354,0.5123532137448625,0.4997732233169949,0.001156796819712591,0.005576787588837284,0.008246826528193862,0.00322984428995321,-0.0018964849069740275,0.0,-0.00033093357698055215,0.00021937240916636291,0.002023849656245691,0.010547923520772828,-0.002032066907094787
556.0,2.2302158273381294,0.4698292454668578,0.4741040496642175,0.4770592643034064,0.47202425450143326,0.46679139482258614,0.46873555021913216,0.4689919102516269,0.468860127380921,0.4706154638484801,0.4794960752561539,0.46780951067354937,0.0010936952477256234,0.0053684994450853285,0.008323714084274236,0.0032887042823011026,-0.0019441553965460212,0.0,0.00025636003249474015,0.00012457716178881917,0.001879913629347918,0.01076052503702174,-0.0009260395455827908
560.0,2.2142857142857144,0.4359109640437824,0.4402499331099896,0.443157327430312,0.4381750872578567,0.43303193119802597,0.43469690964961605,0.43494770658336246,0.4355229215148291,0.4368216021422211,0.4455179256854547,0.43474296445439586,0.0012140543941663307,0.005553023460373563,0.00846041778069595,0.0034781776082406513,-0.0016649784515900823,0.0,0.0002507969337464111,0.0008260118652130277,0.0021246924926050514,0.010821016035838626,4.605480477981594e-05
564.0,2.198581560283688,0.40350613919404,0.4081844575910263,0.41061807274267625,0.4053935308186787,0.4006530567479194,0.4025051421628152,0.40349940222758507,0.40379610855142345,0.40470004833287376,0.41329677785113095,0.40270049453564805,0.001000997031224804,0.005679315428211096,0.008112930579861066,0.002888388655863494,-0.0018520854148957877,0.0,0.0009942600647698807,0.0012909663886082612,0.002194906170058575,0.01079163568831576,0.00019535237283285767
568.0,2.183098591549296,0.37200265431261514,0.3767615904194863,0.37927641117033684,0.37368025049823594,0.36925360853435674,0.37151109215939715,0.3726971554898053,0.372231355589538,0.3733304957164285,0.3819779715092826,0.37184997322880253,0.0004915621532179948,0.005250498260089165,0.007765319010939686,0.0021691583388387947,-0.002257483625040413,0.0,0.0011860633304081603,0.0007202634301408661,0.0018194035570313627,0.010466879349885438,0.00033888106940538343
572.0,2.167832167832168,0.34271785779994257,0.34747274709682396,0.3501784238703123,0.34527939321383294,0.3399545171102589,0.3423096814389075,0.3444846643566599,0.34321489563403396,0.34440872895554686,0.35277652738366294,0.3431814168552172,0.00040817636103507304,0.005163065657916466,0.007868742431404785,0.002969711774925443,-0.0023551643286485735,0.0,0.0021749829177524216,0.0009052141951264581,0.002099047516639363,0.010466845944755443,0.0008717354163096935
576.0,2.1527777777777777,0.3155060411559274,0.3215026835623933,0.3231905310942711,0.3177596447566997,0.3124209765823571,0.315255178494076,0.3176528882881755,0.3161535801811015,0.3176470291186053,0.32639205932769744,0.31676424741172204,0.00025086266185136985,0.006247505068317283,0.007935352600195067,0.0025044662626236835,-0.0028342019117189032,0.0,0.0023977097940994785,0.0008984016870254852,0.0023918506245292903,0.01113688083362141,0.001509068917646017
580.0,2.1379310344827585,0.29085691655328993,0.2966746891219372,0.2988811398871509,0.29357561540063526,0.28787627439547014,0.2909198679147258,0.2940898731757531,0.2919614898420433,0.29335592256415954,0.3019206987944263,0.29229500722899293,-6.2951361435859e-05,0.00575482120721138,0.007961271972425132,0.0026557474859094654,-0.0030435935192556496,0.0,0.0031700052610272866,0.0010416219273174931,0.00243605464943375,0.011000830879700496,0.0013751393142671375
584.0,2.1232876712328768,0.26894892956375216,0.2738508566145583,0.2768129501049692,0.27093149043819853,0.2657348762554974,0.2683463305926763,0.2714936843899989,0.2695262123046125,0.2709234644212206,0.27936877472267696,0.2692455765857993,0.0006025989710758406,0.005504526021882006,0.008466619512292883,0.0025851598455222113,-0.002611454337178909,0.0,0.0031473537973225607,0.0011798817119361704,0.002577133828544298,0.011022444130000641,0.0008992459931229657
588.0,2.108843537414966,0.2496239257218813,0.2540272673447659,0.2565841854138442,0.2507468868367684,0.24596234301539632,0.24872247106532286,0.2526203054725271,0.24992422534828962,0.2514039926292475,0.2598846268526105,0.2504869464260244,0.0009014546565584425,0.005304796279443025,0.007861714348521343,0.00202441577144552,-0.0027601280499265357,0.0,0.0038978344072042592,0.0012017542829667605,0.0026815215639246492,0.011162155787287631,0.0017644753607015673
592.0,2.0945945945945947,0.2316082295307722,0.2360112780107051,0.23902762287687263,0.23251465031273333,0.2281702988545422,0.2307006304227297,0.23609879861903016,0.23207126335758854,0.2338375913843791,0.24284250828619047,0.232854136053946,0.0009075991080425005,0.005310647587975392,0.008326992454142923,0.0018140198900036264,-0.002530331568187494,0.0,0.005398168196300457,0.0013706329348588397,0.003136960961649393,0.01214187786346077,0.0021535056312163015
596.0,2.0805369127516777,0.21586245480332744,0.22036374461803998,0.22322217384117904,0.21637655395952327,0.21228736776044732,0.2148050174334588,0.22099615162188302,0.21598066744268074,0.21872502839821095,0.2270633442140646,0.21740320813275438,0.0010574373698686301,0.005558727184581169,0.008417156407720228,0.0015715365260644543,-0.0025176496730114906,0.0,0.006191134188424208,0.001175650009221929,0.003920010964752141,0.012258326780605788,0.002598190699295566
600.0,2.066666666666667,0.20188517497326686,0.20632086149965323,0.20851130716246002,0.20259107121266284,0.1982271700767304,0.20038717308665466,0.20820374845891076,0.20226435688080668,0.2051796019764831,0.2134941318881769,0.20532516444761173,0.0014980018866121991,0.005933688412998572,0.008124134075805367,0.002203898126008186,-0.0021600030099242495,0.0,0.007816575372256107,0.0018771837941520264,0.004792428889828448,0.01310695880152224,0.0049379913609570725
604.0,2.052980132450331,0.18934538876514773,0.19365666226719802,0.1957533653586998,0.19053217730256833,0.1846063424985036,0.18699649099220328,0.19676402608828392,0.18990566726303282,0.19248631752786594,0.20111126356163989,0.19378223543078144,0.002348897772944447,0.006660171274994742,0.008756874366496525,0.0035356863103650493,-0.002390148493699673,0.0,0.009767535096080637,0.0029091762708295388,0.005489826535662656,0.014114772569436607,0.006785744438578156
608.0,2.039473684210526,0.17813785855210118,0.18261047572414624,0.18465119752240788,0.17949301194291278,0.17341034470611705,0.17445356131066125,0.18518280524178166,0.17874791049598704,0.18124875393959483,0.18986457280795022,0.18242093768410594,0.0036842972414399267,0.008156914413484984,0.01019763621174663,0.00503945063225153,-0.001043216604544206,0.0,0.010729243931120402,0.004294349185325785,0.006795192628933577,0.015411011497288962,0.00796737637344469
612.0,2.026143790849673,0.168050309073416,0.17244363685194308,0.174743107272888,0.16874917976296544,0.16408125700059784,0.16386575977991558,0.17429647410409532,0.16816915195413396,0.17048289978286046,0.17948027366942854,0.17195445324594893,0.004184549293500428,0.008577877072027507,0.010877347492972422,0.004883419983049864,0.00021549722068225918,0.0,0.010430714324179746,0.004303392174218379,0.006617140002944888,0.01561451388951296,0.008088693466033359
616.0,2.012987012987013,0.15853517689723629,0.16349621799036784,0.16533973583834172,0.1592249417713658,0.15475682239724575,0.15441376371296278,0.16521283624598704,0.15913560357332313,0.16054751535637846,0.17035494307397236,0.16293656490535247,0.0041214131842735036,0.009082454277405061,0.010925972125378935,0.004811178058403032,0.0003430586842829708,0.0,0.010799072533024257,0.004721839860360344,0.006133751643415675,0.015941179361009583,0.008522801192389684
620.0,2.0,0.14995483879513105,0.15456257458866274,0.1568678251984701,0.151044172761442,0.1460608462615549,0.14612883926971731,0.15671755834992274,0.15056104036669082,0.1508900050005968,0.16180786981913653,0.1542696462717743,0.003825999525413737,0.008433735318945423,0.010738985928752776,0.004915333491724683,-6.799300816240361e-05,0.0,0.010588719080205422,0.004432201096973509,0.00476116573087948,0.015679030549419215,0.008140807002056993
624.0,1.9871794871794872,0.14242658246607798,0.14678216778009023,0.1497035183361617,0.14314221223906376,0.13846964419543473,0.13827633538096284,0.15077048515180547,0.14301139626566917,0.14244188506543387,0.15399447747481987,0.1467851581105737,0.004150247085115133,0.008505832399127389,0.011427182955198845,0.004865876858100915,0.00019330881447188197,0.0,0.012494149770842622,0.004735060884706321,0.004165549684471026,0.015718142093857024,0.008508822729610843
628.0,1.9745222929936306,0.1351695282128964,0.13955818629207295,0.14291620590226395,0.1361432806640115,0.1311457223350505,0.13139988128400848,0.14501496231126976,0.13624964120078653,0.13637359191661025,0.14729396294446961,0.1396589548199889,0.0037696469288879264,0.00815830500806447,0.011516324618255469,0.0047433993800030105,-0.0002541589489579721,0.0,0.013615081027261278,0.004849759916778051,0.004973710632601769,0.015894081660461135,0.008259073535980432
632.0,1.9620253164556962,0.1283118197530455,0.13278048378046936,0.13627741418138473,0.12961816164942164,0.1244471391363049,0.1248023407518124,0.13878645742397477,0.12992584140585972,0.13094352078387317,0.1407102414353738,0.13399194742426657,0.0035094790012331067,0.007978143028656959,0.011475073429572324,0.004815820897609235,-0.0003552016155075055,0.0,0.013984116672162372,0.005123500654047319,0.006141180032060767,0.015907900683561405,0.009189606672454165
636.0,1.949685534591195,0.12228227451492923,0.12697833670333236,0.12988161253507835,0.12359058267849266,0.11842749688392828,0.11847555626211492,0.13375956231764952,0.12392957175321495,0.12571560255652448,0.13434722887891226,0.12858308007769526,0.0038067182528143118,0.008502780441217439,0.011406056272963427,0.005115026416377733,-4.805937818663786e-05,0.0,0.015284006055534594,0.005454015491100028,0.007240046294409552,0.01587167261679734,0.010107523815580333
640.0,1.9375,0.11669913171372093,0.12168573624000234,0.12461539990657489,0.1181738954851197,0.11276782080795056,0.11276721288914837,0.12857260731746734,0.11834238159800914,0.11990480649331525,0.1286489214580866,0.12282042213806998,0.003931918824572556,0.008918523350853969,0.011848187017426515,0.005406682595971324,6.079188021868021e-07,0.0,0.015805394428318964,0.005575168708860767,0.007137593604166881,0.015881708568938224,0.010053209248921613
644.0,1.9254658385093169,0.11142464452895151,0.11642561438171284,0.11957696730161338,0.11304372890153735,0.10755038812942042,0.10758513957854188,0.12279734879221049,0.11309578371717355,0.11428876410561029,0.1230677852255051,0.11745123375626565,0.0038395049504096335,0.008840474803170961,0.011991827723071502,0.005458589322995477,-3.4751449121461775e-05,0.0,0.015212209213668615,0.005510644138631671,0.006703624527068408,0.015482645646963222,0.009866094177723772
648.0,1.9135802469135803,0.10667694373174896,0.11191156114986933,0.1148788184887557,0.10773518576353358,0.10270978080840298,0.10286059340295184,0.11794017990013694,0.10793291039207653,0.10933898613214343,0.11831909595948753,0.11196665308198095,0.0038163503287971245,0.009050967746917493,0.012018225085803858,0.004874592360581742,-0.00015081259454885476,0.0,0.015079586497185105,0.005072316989124692,0.0064783927291915955,0.015458502556535691,0.00910605967902911
652.0,1.901840490797546,0.10202065665518267,0.10763410640508875,0.11064437031086616,0.10267804834535177,0.09856541507097893,0.09833848885146423,0.11303322130174265,0.10420555509978269,0.10475714197250885,0.11385248098868428,0.10790763183936036,0.003682167803718439,0.009295617553624513,0.012305881459401924,0.004339559493887535,0.00022692621951470038,0.0,0.014694732450278414,0.005867066248318453,0.006418653121044615,0.015513992137220045,0.009569142987896129
656.0,1.8902439024390243,0.09848912131767928,0.10373424662726327,0.10676060718521208,0.09817439928783411,0.09461793054380219,0.09464547046974392,0.10892190632727439,0.10052381305695857,0.10090857438352496,0.11031797145264721,0.10342235873942784,0.003843650847935365,0.009088776157519352,0.012115136715468156,0.0035289288180901934,-2.7539925941733046e-05,0.0,0.014276435857530467,0.005878342587214647,0.006263103913781043,0.015672500982903292,0.008776888269683925
660.0,1.878787878787879,0.09544068223339441,0.10033637458004341,0.10349862145622879,0.0952162939122152,0.09131559063808248,0.09131342783957774,0.10451325699396108,0.09737683215857174,0.09758399223064407,0.1071460048195001,0.10032434396080303,0.004127254393816671,0.009022946740465665,0.012185193616651047,0.0039028660726374564,2.1627985047345533e-06,0.0,0.013199829154383336,0.006063404318993992,0.0062705643910663245,0.015832576979922353,0.009010916121225288
664.0,1.8674698795180722,0.09245042281680127,0.09765865248559824,0.10029661270460233,0.09246390652731606,0.0883906094851592,0.08852921574371364,0.10190559053432757,0.09454390223910814,0.09497023433367269,0.10449789641645091,0.0982045045157276,0.003921207073087629,0.0091294367418846,0.011767396960888687,0.003934690783602424,-0.0001386062585544412,0.0,0.013376374790613932,0.0060146864953944945,0.006441018589959047,0.015968680672737268,0.009675288772013957
668.0,1.8562874251497006,0.08951759976196194,0.09491231738943906,0.09763080229526877,0.08966910720979904,0.08609735790890038,0.08595699515231536,0.09879257111013118,0.09174030086843987,0.09169096928524456,0.10179961785958525,0.09526691311579305,0.003560604609646578,0.008955322237123697,0.011673807142953407,0.003712112057483674,0.00014036275658502184,0.0,0.012835575957815815,0.005783305716124509,0.005733974132929198,0.015842622707269882,0.009309917963477687
672.0,1.8452380952380953,0.08711338647163092,0.09251798960475544,0.09508189645882181,0.08716022815573643,0.08388249353339794,0.08382439509479034,0.09667192397606317,0.08935275935295062,0.08922898719467076,0.09933933683866814,0.09325360489044354,0.0032889913768405776,0.008693594509965097,0.011257501364031475,0.0033358330609460918,5.809843860760111e-05,0.0,0.01284752888127283,0.005528364258160279,0.005404592099880423,0.015514941743877797,0.009429209795653204
676.0,1.834319526627219,0.08495800190076275,0.0902241226013607,0.09287865121986538,0.08493984466171645,0.08171693600395447,0.08145157492100474,0.09593042050366507,0.08728863324334912,0.08705646615698481,0.0972852233607473,0.09133366815250032,0.003506426979758004,0.008772547680355958,0.011427076298860639,0.0034882697407117025,0.00026536108294972216,0.0,0.014478845582660327,0.0058370583223443795,0.0056048912359800696,0.015833648439742554,0.009882093231495581
680.0,1.8235294117647058,0.08264935179327026,0.08831429260255863,0.09040040375307212,0.08266135484805415,0.07981935929999762,0.07925066913192214,0.09316042403443103,0.08530878131887487,0.08510305327715217,0.09522327341203018,0.08964495458484123,0.003398682661348129,0.009063623470636495,0.011149734621149987,0.0034106857161320114,0.0005686901680754808,0.0,0.013909754902508897,0.0060581121869527355,0.0058523841452300385,0.01597260428010805,0.010394285452919094
684.0,1.8128654970760234,0.0813361525645937,0.086175128484137,0.0884424164093649,0.08072491406569537,0.07729660818838369,0.07706817638226915,0.09289188869385256,0.08358358329989946,0.08368003815346325,0.09337155381230544,0.0876205690510441,0.004267976182324551,0.009106952101867849,0.01137424002709575,0.0036567376834262255,0.0002284318061145374,0.0,0.015823712311583416,0.0065154069176303064,0.006611861771194105,0.016303377430036292,0.010552392668774946
688.0,1.802325581395349,0.0796558677589898,0.08444138204228469,0.08697516579684206,0.07933562219777279,0.07612912535937277,0.07529719778256339,0.09267576650333376,0.08189910266109712,0.08237260049923467,0.09210528532288143,0.08606965685314427,0.004358669976426421,0.0091441842597213,0.011677968014278672,0.004038424415209407,0.0008319275768093881,0.0,0.01737856872077037,0.0066019048785337375,0.007075402716671286,0.01680808754031804,0.010772459070580886
692.0,1.7919075144508672,0.0780688206518314,0.0831829505106052,0.08559218593708962,0.07776912061465668,0.07487892419645537,0.07413640507543251,0.09167038887458068,0.08046206708031689,0.08056076248245891,0.0908320200894277,0.0855802214102821,0.0039324155763988955,0.009046545435172693,0.011455780861657106,0.003632715539224174,0.0007425191210228554,0.0,0.017533983799148167,0.00632566200488438,0.006424357407026404,0.01669561501399519,0.011443816334849588
696.0,1.7816091954022988,0.07735695888271255,0.08192990493762009,0.08437008944093494,0.07675643897934425,0.07374033099948751,0.07336095221717254,0.09040457744009678,0.07941966292215996,0.07995621965665789,0.08956891167204817,0.08461446457954236,0.003996006665540008,0.008568952720447554,0.0110091372237624,0.0033954867621717177,0.00037937878231497635,0.0,0.01704362522292424,0.0060587107049874245,0.006595267439485353,0.01620795945487563,0.011253512362369822
700.0,1.7714285714285714,0.07655703498735211,0.08131673182132082,0.0831683257409932,0.0762332473149403,0.07304251400561168,0.07281152483333075,0.08976102985453926,0.07865123622996584,0.07954694717323396,0.08878376734200688,0.08364377575435089,0.0037455101540213587,0.008505206987990066,0.010356800907662445,0.003421722481609546,0.00023098917228092652,0.0,0.01694950502120851,0.005839711396635083,0.006735422339903208,0.015972242508676127,0.010832250921020137
704.0,1.7613636363636365,0.07525183687185022,0.08083658308974595,0.08286275345466465,0.07594086663558874,0.07372125905298765,0.07190974367847569,0.08895297760734433,0.07815243637296287,0.07922867823293589,0.08809128535859467,0.0836061262319101,0.003342093193374529,0.00892683941127026,0.01095300977618896,0.004031122957113054,0.0018115153745119628,0.0,0.01704323392886864,0.006242692694487184,0.007318934554460199,0.016181541680118983,0.011696382553434415
708.0,1.7514124293785311,0.07513813965659111,0.08041443448548669,0.08234461038051699,0.0754985344561463,0.0740334979226287,0.07157627641701803,0.08919274868035298,0.07805411592706268,0.07877602654738536,0.08808859025409155,0.0837665902658804,0.003561863239573082,0.00883815806846866,0.010768333963498966,0.003922258039128268,0.002457221505610674,0.0,0.01761647226333496,0.006477839510044658,0.007199750130367333,0.016512313837073522,0.012190313848862377
712.0,1.7415730337078652,0.07529330681116164,0.08034348478590503,0.08213099260153345,0.07572111835747353,0.0730853096133961,0.0713469551208632,0.08966997452624725,0.07824090227558522,0.07790025625895813,0.08829603466787139,0.08393283037322252,0.003946351690298444,0.00899652966504183,0.01078403748067025,0.004374163236610329,0.0017383544925329009,0.0,0.018323019405384056,0.006893947154722024,0.006553301138094936,0.016949079547008195,0.012585875252359324
716.0,1.7318435754189945,0.07518459101306418,0.08023463529067665,0.08158143417500052,0.07581844526109172,0.0738487010295299,0.07105823434305814,0.08979770574943524,0.07852082965528306,0.07749618796468938,0.0881441804131331,0.08428721319190502,0.004126356670006048,0.009176400947618513,0.010523199831942387,0.0047602109180335805,0.0027904666864717598,0.0,0.018739471406377106,0.007462595312224929,0.006437953621631243,0.017085946070074964,0.013228978848846884
720.0,1.7222222222222223,0.07537954556836346,0.07978611038286942,0.08192867360503198,0.07576491539929164,0.07400617693258815,0.07094570564960634,0.08951187494988089,0.07866625435421026,0.07670951291546535,0.08806254316379247,0.08400054476716812,0.004433839918757121,0.008840404733263085,0.010982967955425638,0.004819209749685305,0.0030604712829818137,0.0,0.01856616930027455,0.0077205487046039245,0.005763807265859011,0.017116837514186134,0.013054839117561778
724.0,1.712707182320442,0.07550904150712157,0.07968203995028889,0.08205627893866807,0.07601750917148942,0.07388488509560776,0.07131045930399726,0.08930464228148027,0.07815284381552368,0.07700271998872554,0.0878420016558934,0.0842114121670432,0.004198582203124301,0.008371580646291621,0.010745819634670806,0.004707049867492152,0.0025744257916104907,0.0,0.01799418297748301,0.0068423845115264115,0.005692260684728279,0.016531542351896134,0.012900952863045934
728.0,1.7032967032967032,0.07526245648993468,0.07989727391226054,0.08199129790683979,0.07584919222835373,0.07343017900622018,0.07195122116589237,0.08891286212657246,0.07791944407287232,0.07831527067936594,0.08751177481531669,0.08328925021332423,0.0033112353240423165,0.00794605274636817,0.010040076740947423,0.0038979710624613695,0.0014789578403278103,0.0,0.01696164096068009,0.005968222906979959,0.00636404951347358,0.015560553649424325,0.011338029047431863
732.0,1.6939890710382515,0.07572989073096714,0.08021003514217773,0.08202646213715514,0.07611824617494545,0.07385725310570312,0.07227814622332351,0.08838615281470452,0.0778379867717156,0.07875492133536044,0.08728535269564164,0.0839133020865157,0.003451744507643628,0.007931888918854213,0.009748315913831629,0.0038400999516219336,0.0015791068823796106,0.0,0.016108006591381008,0.005559840548392092,0.0064767751120369255,0.015007206472318124,0.011635155863192193
736.0,1.684782608695652,0.07623004030565217,0.0803678085113031,0.08223774937765627,0.07668980868269903,0.07411884590333906,0.07284364100321006,0.08819340634031225,0.07777461039290445,0.07887095653472431,0.08709547540978724,0.08373808673863237,0.0033863993024421113,0.007524167508093038,0.009394108374446208,0.0038461676794889765,0.0012752049001290011,0.0,0.015349765337102195,0.004930969389694395,0.006027315531514255,0.01425183440657718,0.010894445735422309
740.0,1.6756756756756757,0.07602477796612739,0.08083603284788321,0.08244303823994636,0.07694069009746696,0.07452092115035747,0.07304751635422657,0.08900881506792868,0.07821332013481697,0.07913037558055258,0.08732698769088842,0.08484827578339638,0.0029772616119008166,0.007788516493656639,0.009395521885719793,0.0038931737432403857,0.001473404796130895,0.0,0.01596129871370211,0.0051658037805903945,0.0060828592263260095,0.014279471336661853,0.011800759429169805
744.0,1.6666666666666667,0.07669479509183841,0.0815104550896466,0.08278383348196794,0.07771707195628297,0.07493186206250257,0.07341974615503233,0.08834987281122864,0.07906229182720437,0.07992275852212338,0.08793266812228295,0.08483459785216119,0.0032750489368060798,0.008090708934614277,0.00936408732693561,0.00429732580125064,0.0015121159074702462,0.0,0.014930126656196308,0.005642545672172039,0.0065030123670910545,0.014512921967250625,0.011414851697128858
748.0,1.6577540106951871,0.07731991253125625,0.08238942452267817,0.0833169648777683,0.07817747195766267,0.07520610400067218,0.07399018411287916,0.0880467219494101,0.08022666657299737,0.08074390784536845,0.08845787759883517,0.08526356009804958,0.003329728418377087,0.008399240409799003,0.009326780764889131,0.004187287844783505,0.0012159198877930155,0.0,0.014056537836530936,0.006236482460118209,0.006753723732489281,0.014467693485956001,0.01127337598517042
752.0,1.648936170212766,0.07770281830172077,0.08273077700288556,0.08376068816046556,0.07891108068773867,0.07606159404145574,0.07429350491990983,0.08911336927483338,0.0805368963293247,0.0811465234381521,0.08883956950692329,0.08622319799685374,0.003409313381810941,0.008437272082975733,0.009467183240555732,0.004617575767828841,0.0017680891215459127,0.0,0.014819864354923551,0.006243391409414878,0.006853018518242271,0.014546064587013463,0.011929693076943915
756.0,1.6402116402116402,0.078048697590269,0.08299044102747333,0.08388802533241635,0.07932011083699142,0.07634688109082677,0.07427897187068044,0.08924349271641852,0.08086464556771289,0.08183699445986381,0.0890581414968723,0.08517709970935372,0.003769725719588557,0.008711469156792884,0.009609053461735906,0.005041138966310976,0.0020679092201463245,0.0,0.014964520845738072,0.006585673697032446,0.007558022589183366,0.014779169626191857,0.010898127838673277
760.0,1.631578947368421,0.07859009851142074,0.08337211345125084,0.08412362233490955,0.0796990175390977,0.07623504533737524,0.07500564369806417,0.08909244892062129,0.0813333826659477,0.08227393476527078,0.08917357101077439,0.08569772283525046,0.0035844548133565635,0.008366469753186667,0.00911797863684538,0.004693373841033521,0.0012294016393110674,0.0,0.01408680522255712,0.006327738967883523,0.0072682910672066114,0.014167927312710216,0.010692079137186283
764.0,1.6230366492146597,0.07904959314760873,0.08405323031483869,0.08465059148537679,0.08019805276127512,0.0767249675788495,0.0758386811357783,0.08929072049387332,0.0816852845318865,0.08244450499503508,0.089835261221894,0.08710082683594678,0.0032109120118304357,0.008214549179060393,0.008811910349598495,0.004359371625496822,0.0008862864430712047,0.0,0.013452039358095025,0.0058466033961082076,0.0066058238592567875,0.013996580086115706,0.01126214570016848
768.0,1.6145833333333333,0.08006358084814624,0.08463024921822893,0.08564913969314891,0.08090137803264952,0.07762882274435023,0.07651669287448959,0.09027052694234317,0.08210622814649371,0.0831823264036462,0.09043676610567819,0.09004976676471488,0.003546887973656654,0.008113556343739337,0.009132446818659323,0.004384685158159929,0.0011121298698606452,0.0,0.013753834067853576,0.00558953527200412,0.0066656335291566116,0.013920073231188601,0.013533073890225289
772.0,1.6062176165803108,0.08098725151052832,0.08557468831777237,0.08659273193051464,0.0822465174447129,0.07908775224585907,0.07748123044896782,0.09166090789281967,0.08280341801223545,0.08424492036379894,0.09165431042763728,0.09096157425243034,0.0035060210615605047,0.008093457868804554,0.009111501481546824,0.004765286995745077,0.001606521796891247,0.0,0.014179677443851846,0.005322187563267633,0.006763689914831117,0.014173079978669456,0.013480343803462524
776.0,1.597938144329897,0.08239133525928377,0.08752846764263222,0.08789381473692925,0.08335355177843518,0.0805268978596203,0.07897992857196634,0.09378578840969198,0.0845826895080184,0.08521110334741366,0.09314954937410991,0.09109543293336975,0.003411406687317431,0.008548539070665884,0.008913886164962914,0.004373623206468835,0.0015469692876539654,0.0,0.014805859837725643,0.005602760936052054,0.0062311747754473235,0.014169620802143568,0.012115504361403406
780.0,1.5897435897435896,0.08460783284090301,0.0890917407780909,0.08975243911954656,0.08485227030570464,0.0820351019744483,0.08099722570137602,0.09555337679701537,0.08629995979221317,0.08774543864776563,0.09494851272496296,0.09315103338919917,0.003610607139526989,0.008094515076714881,0.008755213418170538,0.003855044604328617,0.0010378762730722801,0.0,0.014556151095639347,0.005302734090837147,0.006748212946389609,0.013951287023586945,0.012153807687823148
784.0,1.5816326530612246,0.08691509945569842,0.09098809221077753,0.09198891663824327,0.08687968571599902,0.08422150244814275,0.08275701662997714,0.09767418594532784,0.08819242093047341,0.08991504183755117,0.09694011346138987,0.09620939162093589,0.0041580828257212765,0.008231075580800384,0.009231900008266125,0.0041226690860218795,0.0014644858181656062,0.0,0.014917169315350698,0.0054354043004962715,0.007158025207574026,0.014183096831412723,0.013452374990958749
788.0,1.5736040609137056,0.08938829845730001,0.0931566159577577,0.09412741220168308,0.08924236343266201,0.08640256351879438,0.08541127576392316,0.10010532796611016,0.09054357847652628,0.09193527113601241,0.09878953071433827,0.09698127607721752,0.003977022693376853,0.007745340193834549,0.008716136437759925,0.003831087668738853,0.0009912877548712284,0.0,0.014694052202187002,0.005132302712603121,0.006523995372089253,0.013378254950415114,0.01157000031329436
792.0,1.5656565656565657,0.09202637364842547,0.09529161491831939,0.09634347720978886,0.0919255523758149,0.0890330578844325,0.08736428301188037,0.10283111032516823,0.09125208360501791,0.09314693660251994,0.10029739745461352,0.09969003184187808,0.004662090636545102,0.007927331906439017,0.008979194197908491,0.004561269363934528,0.0016687748725521256,0.0,0.015466827313287856,0.003887800593137536,0.005782653590639564,0.012933114442733151,0.012325748829997707
796.0,1.5577889447236182,0.09498250179850531,0.09763411862939164,0.09870936662319396,0.094537866187693,0.09169825021111344,0.08992372511912206,0.10510754500001163,0.09312066910556194,0.09463075548382172,0.10223248886951097,0.10263746155181352,0.005058776679383259,0.007710393510269586,0.008785641504071906,0.004614141068570943,0.0017745250919913858,0.0,0.01518381988088957,0.003196943986439882,0.00470703036469966,0.012308763750388918,0.01271373643269147
800.0,1.55,0.09784890209099717,0.10007291297582133,0.1012361830448667,0.0971327208500703,0.09485231110643899,0.09243206187227271,0.10811818608205082,0.0961544015505218,0.09746797954250819,0.10516535583166475,0.105748164298896,0.005416840218724461,0.007640851103548618,0.008804121172593993,0.004700658977797589,0.002420249234166283,0.0,0.015686124209778107,0.003722339678249087,0.005035917670235479,0.012733293959392045,0.013316102426623289
