wavelength,energy,-2_deltaA,-4_deltaA,-6_deltaA,0_deltaA,2_deltaA,4_deltaA,6_deltaA,-2_mdeg,-4_mdeg,-6_mdeg,0_mdeg,2_mdeg,4_mdeg,6_mdeg,-2_deltaA_diff,-4_deltaA_diff,-6_deltaA_diff,0_deltaA_diff,2_deltaA_diff,4_deltaA_diff,6_deltaA_diff
220.0,5.636363636363637,-0.001681,0.00020974999999999998,-0.00075,-0.0015955000000000001,-0.0014827500000000001,0.00034325,-0.0018030000000000003,-55.442742,6.9179745,-24.7365,-52.622781,-48.90406050000001,11.3210715,-59.46654600000001,-8.549999999999986e-05,0.00180525,0.0008455000000000001,0.0,0.00011275,0.0019387500000000002,-0.00020750000000000022
224.0,5.535714285714286,-0.005287999999999999,-0.00041925000000000035,-9.049999999999998e-05,-0.0017785000000000001,-0.0026912499999999996,-0.0013777499999999999,-0.00269825,-174.408816,-13.827703500000013,-2.984871000000002,-58.658487,-88.76280750000001,-45.4409505,-88.99368150000001,-0.003509499999999999,0.0013592499999999998,0.0016880000000000003,0.0,-0.0009127499999999995,0.0004007500000000003,-0.00091975
228.0,5.43859649122807,-0.0038715,-0.0002092499999999998,0.0,-0.00251125,-0.0014125000000000001,-0.0018835,-0.00310975,-127.68981300000002,-6.9014834999999835,1.7763568394002505e-15,-82.82604750000002,-46.587075,-62.121596999999994,-102.5657745,-0.00136025,0.0023020000000000002,0.00251125,0.0,0.00109875,0.00062775,-0.0005985000000000001
232.0,5.344827586206897,-0.004191,0.000523,2.875000000000002e-05,-0.0029785,-0.0023597500000000003,-0.00321425,-0.0036125,-138.227562,17.249586000000008,0.9482325000000031,-98.23688700000001,-77.82927450000001,-106.0123935,-119.14747499999999,-0.0012125000000000005,0.0035015,0.00300725,0.0,0.0006187499999999995,-0.00023575000000000028,-0.000634
236.0,5.254237288135593,-0.0044355,8.125000000000016e-05,-0.0008462500000000001,-0.0021302499999999998,-0.0013835,0.00032549999999999994,-0.0016887500000000001,-146.291661,2.679787499999996,-27.911017499999993,-70.2599055,-45.63059700000001,10.735641000000001,-55.698352500000006,-0.0023052500000000004,0.0022115,0.0012839999999999996,0.0,0.0007467499999999998,0.0024557499999999996,0.0004414999999999996
240.0,5.166666666666667,-0.0009932500000000002,-0.00033724999999999993,-0.0015172500000000002,-0.00018825,-0.0026214999999999997,0.0011412500000000001,-0.0015110000000000004,-32.7593715,-11.123179499999996,-50.041939500000005,-6.208861500000002,-86.462313,37.640707500000005,-49.835801999999994,-0.0008050000000000002,-0.00014899999999999994,-0.001329,0.0,-0.0024332499999999996,0.0013295000000000002,-0.0013227500000000004
244.0,5.081967213114754,0.0005947500000000007,0.00027625,-0.0029645,0.0008865,-0.003284,-0.0008489999999999999,0.00038325000000000034,19.616044500000044,9.1112775,-97.775139,29.238543,-108.31288800000002,-28.001717999999983,12.640351500000023,-0.00029174999999999937,-0.00061025,-0.0038510000000000003,0.0,-0.0041705,-0.0017355,-0.0005032499999999997
248.0,5.0,0.003400499999999999,0.0015789999999999992,-0.00535425,-0.0004475000000000001,-0.00512725,-0.00217,0.003187249999999999,112.15529100000003,52.07857799999999,-176.5938735,-14.759445000000003,-169.10695950000002,-71.57093999999998,105.12187949999998,0.003847999999999999,0.0020264999999999992,-0.00490675,0.0,-0.00467975,-0.0017225,0.003634749999999999
252.0,4.920634920634921,0.00400675,0.0028715000000000004,-0.004984,8.275000000000003e-05,-0.004938000000000001,-0.003074,0.0029049999999999987,132.15062849999998,94.707813,-164.38228799999996,2.7292605000000005,-162.865116,-101.38666799999999,95.81271000000004,0.0039239999999999995,0.0027887500000000004,-0.00506675,0.0,-0.005020750000000002,-0.00315675,0.002822249999999999
256.0,4.84375,0.0039664999999999995,0.00501075,-0.0036102500000000006,0.00014650878750000005,-0.0033050000000000006,-0.004753,0.0010770000000000016,130.82310300000006,165.2645565,-119.07326549999999,4.832152829325002,-109.00550999999996,-156.76344600000004,35.521614,0.0038199912124999994,0.004864241212499999,-0.0037567587875000008,0.0,-0.003451508787500001,-0.0048995087875000004,0.0009304912125000015
260.0,4.769230769230769,0.003353749999999999,0.005889999999999999,-0.001339749999999999,0.000709,-0.00300075,-0.0058615,-0.0006797499999999998,110.61338250000006,194.26398,-44.1876345,23.38423799999999,-98.97073649999999,-193.323993,-22.41951449999999,0.002644749999999999,0.005181,-0.002048749999999999,0.0,-0.00370975,-0.0065705,-0.0013887499999999998
264.0,4.696969696969697,0.00273875,0.0058182500000000005,0.0010482500000000006,0.0007652500000000003,-0.002085250000000002,-0.006292249999999999,-0.0022770000000000012,90.32945250000006,191.89752150000004,34.573381499999925,25.239475499999998,-68.77571549999999,-207.53098949999998,-75.1000140000001,0.0019734999999999996,0.005053,0.00028300000000000027,0.0,-0.0028505000000000023,-0.0070574999999999995,-0.0030422500000000016
268.0,4.626865671641791,0.0026257499999999996,0.0056071091425,0.0023082500000000004,0.000876,-0.001731,-0.005776750000000001,-0.0033279999999999994,86.6024865,184.93367373793498,76.13070150000004,28.892232000000007,-57.09184200000004,-190.5287685,-109.764096,0.0017497499999999996,0.0047311091425,0.0014322500000000004,0.0,-0.002607,-0.006652750000000001,-0.004203999999999999
272.0,4.5588235294117645,0.0021072499999999997,0.005224500000000001,0.0032727499999999996,0.0006137499999999997,-0.001398,-0.005093,-0.004067000000000001,69.50131950000002,172.314459,107.94184049999996,20.242702500000007,-46.108836,-167.977326,-134.13779399999993,0.0014935,0.004610750000000001,0.002659,0.0,-0.0020117499999999996,-0.00570675,-0.004680750000000001
276.0,4.492753623188406,0.00198425,0.0047515000000000005,0.0037472500000000006,0.0005779999999999995,-0.0012917499999999978,-0.0045734999999999994,-0.004280500000000001,65.44453350000003,156.71397300000004,123.59179950000001,19.06359599999999,-42.60449849999998,-150.84317700000003,-141.17945100000003,0.0014062500000000004,0.004173500000000001,0.003169250000000001,0.0,-0.0018697499999999973,-0.005151499999999999,-0.004858500000000001
280.0,4.428571428571429,0.0018757500000000007,0.004073,0.0038300000000000005,0.0006462500000000001,-0.0010515000000000004,-0.003749250000000001,-0.004271250000000001,61.86598649999999,134.33568599999998,126.32105999999999,21.314617499999997,-34.68057299999998,-123.65776350000002,-140.8743675,0.0012295000000000006,0.00342675,0.0031837500000000004,0.0,-0.0016977500000000005,-0.004395500000000001,-0.004917500000000001
284.0,4.366197183098592,0.00172075,0.0035465,0.0037015,0.0005577499999999992,-0.0008892499999999994,-0.0031544999999999998,-0.00396975,56.75377649999999,116.970663,122.08287300000002,18.39571049999998,-29.32924349999996,-104.041719,-130.9302945,0.0011630000000000008,0.002988750000000001,0.0031437500000000007,0.0,-0.0014469999999999986,-0.003712249999999999,-0.004527499999999999
288.0,4.305555555555555,0.0016325000000000003,0.00304775,0.0033744801299999995,0.00049,-0.0007939999999999996,-0.0026742500000000004,-0.00357125,53.843115,100.52089050000001,111.29710364766001,16.161180000000016,-26.187708000000043,-88.20211349999997,-117.7869675,0.0011425000000000003,0.00255775,0.0028844801299999995,0.0,-0.0012839999999999996,-0.0031642500000000004,-0.004061250000000001
292.0,4.2465753424657535,0.0015062499999999998,0.0026505,0.00306875,0.00042924999999999994,-0.0007875,-0.0022689999999999993,-0.003082,49.6791375,87.418791,101.21351250000001,14.157523499999982,-25.97332499999999,-74.836158,-101.650524,0.0010769999999999998,0.00222125,0.0026395,0.0,-0.00121675,-0.0026982499999999993,-0.00351125
296.0,4.1891891891891895,0.0013716787955,0.00228,0.0027229999999999997,0.0003267499999999998,-0.0007549999999999996,-0.0019252499999999999,-0.0025954999999999997,45.240710033180996,75.19896000000001,89.80998600000001,10.776868499999992,-24.90141,-63.49859549999999,-85.60478099999999,0.0010449287955000002,0.00195325,0.00239625,0.0,-0.0010817499999999994,-0.0022519999999999997,-0.0029222499999999995
300.0,4.133333333333334,0.00122,0.0020327500000000003,0.0024029999999999998,0.0002747499999999998,-0.0007724999999999997,-0.0017119999999999991,-0.00228325,40.23804,67.04416049999999,79.255746,9.061804499999994,-25.478594999999984,-56.465183999999994,-75.3061515,0.0009452500000000001,0.0017580000000000004,0.00212825,0.0,-0.0010472499999999996,-0.001986749999999999,-0.002558
304.0,4.078947368421052,0.001155,0.0018597499999999999,0.00210125,0.0002255,-0.000788249999999999,-0.0015465000000000001,-0.00202275,38.09421,61.3382745,69.3034275,7.437440999999993,-25.998061499999977,-51.00666299999999,-66.7143405,0.0009295,0.0016342499999999999,0.0018757499999999998,0.0,-0.001013749999999999,-0.0017720000000000001,-0.00224825
308.0,4.025974025974026,0.0010355,0.00162525,0.001859,0.0001929999999999996,-0.0007715000000000005,-0.00136475,-0.00174475,34.152861,53.603995499999996,61.313537999999994,6.365526000000003,-25.445613000000037,-45.0121845,-57.5453445,0.0008425000000000004,0.0014322500000000004,0.0016660000000000004,0.0,-0.0009645000000000001,-0.0015577499999999997,-0.0019377499999999996
312.0,3.9743589743589745,0.0009165,0.0013714999999999999,0.0015300000000000001,0.0001510000000000001,-0.0007317499999999998,-0.0011117500000000003,-0.00142025,30.228002999999987,45.234812999999995,50.46246000000001,4.980281999999988,-24.134578500000003,-36.6677385,-46.8426855,0.0007654999999999999,0.0012204999999999998,0.001379,0.0,-0.0008827499999999999,-0.0012627500000000004,-0.0015712500000000002
316.0,3.9240506329113924,0.00084125,0.0012623357900000002,0.0014097499999999998,0.00014524999999999955,-0.0006840000000000001,-0.00103375,-0.00131625,27.746107499999994,41.63435902578001,46.4963745,4.790635500000008,-22.55968800000001,-34.09514250000001,-43.4125575,0.0006960000000000004,0.0011170857900000006,0.0012645000000000002,0.0,-0.0008292499999999997,-0.0011789999999999995,-0.0014614999999999995
320.0,3.875,0.0007207499999999998,0.0010860000000000002,0.0012189999999999998,0.0001202499999999997,-0.0006082499999999998,-0.0009074999999999997,-0.0011315000000000001,23.771776499999987,35.81845199999999,40.205057999999994,3.9660855000000055,-20.061301499999985,-29.931164999999993,-37.319132999999994,0.0006005000000000001,0.0009657500000000005,0.0010987500000000001,0.0,-0.0007284999999999995,-0.0010277499999999994,-0.0012517499999999998
324.0,3.8271604938271606,0.0006282499999999999,0.0009012500000000001,0.0010190267774999998,8.374999999999962e-05,-0.0005134999999999996,-0.0007559999999999997,-0.000944,20.720941499999995,29.725027500000003,33.609541175504994,2.7622424999999993,-16.936256999999998,-24.934391999999995,-31.135008000000003,0.0005445000000000003,0.0008175000000000005,0.0009352767775000002,0.0,-0.0005972499999999993,-0.0008397499999999994,-0.0010277499999999996
328.0,3.7804878048780486,0.0005079999999999998,0.0007412499999999999,0.0008454999999999999,6.499999999999995e-05,-0.0004077500000000001,-0.00058025,-0.0007622500000000001,16.75485599999999,24.4479075,27.886280999999997,2.143829999999994,-13.448410499999994,-19.1378055,-25.140529500000003,0.0004429999999999998,0.00067625,0.0007804999999999999,0.0,-0.0004727500000000001,-0.00064525,-0.0008272500000000001
332.0,3.7349397590361444,0.0004257499999999999,0.0005932499999999998,0.00067975,6.575000000000027e-05,-0.0003142500000000001,-0.0004484999999999999,-0.0006182500000000001,14.04208650000001,19.566571500000002,22.419514500000005,2.168566499999997,-10.364593499999998,-14.792427,-20.391121500000004,0.00035999999999999964,0.0005274999999999995,0.0006139999999999997,0.0,-0.00038000000000000035,-0.0005142500000000002,-0.0006840000000000004
336.0,3.6904761904761907,0.0003455000000000003,0.0004722499999999998,0.0005385000000000001,6.199999999999999e-05,-0.00023050000000000024,-0.00033124999999999973,-0.0005023976249999999,11.395280999999997,15.5757495,17.760807000000007,2.0448840000000104,-7.602351000000006,-10.925287499999996,-16.57007846775,0.00028350000000000033,0.0004102499999999998,0.00047650000000000014,0.0,-0.0002925000000000002,-0.0003932499999999997,-0.0005643976249999999
340.0,3.6470588235294117,0.00029775000000000027,0.00038375,0.00040249999999999986,4.674999999999992e-05,-0.00017500000000000024,-0.0002460000000000001,-0.0003788453125,9.820390500000002,12.656842499999996,13.275255000000001,1.5419084999999768,-5.771850000000001,-8.113571999999998,-12.495076096875,0.00025100000000000035,0.00033700000000000006,0.00035574999999999995,0.0,-0.00022175000000000016,-0.00029275000000000004,-0.0004255953124999999
344.0,3.604651162790698,0.00025375000000000007,0.0002975,0.00028575,2.8000000000000247e-05,-0.00012724999999999998,-0.00017699999999999997,-0.000254758625,8.369182499999994,9.812145000000001,9.424606500000003,0.9234960000000001,-4.1969595000000055,-5.837814000000002,-8.40244896975,0.00022574999999999982,0.0002694999999999998,0.00025774999999999973,0.0,-0.00015525000000000022,-0.0002050000000000002,-0.00028275862500000025
348.0,3.5632183908045976,0.00021425000000000003,0.00022674999999999974,0.00019899999999999996,2.3000000000000017e-05,-7.700000000000003e-05,-0.00010225000000000002,-0.000164622841,7.06639349999999,7.478668499999998,6.563417999999999,0.758585999999994,-2.5396140000000074,-3.3724094999999963,-5.429590541862,0.00019125000000000001,0.00020374999999999972,0.00017599999999999994,0.0,-0.00010000000000000005,-0.00012525000000000004,-0.00018762284100000003
352.0,3.522727272727273,0.00018074999999999992,0.0001592500000000001,0.0001297500000000001,2.8500000000000096e-05,-3.450000000000024e-05,-5.124999999999997e-05,-0.00011037629249999998,5.9614964999999955,5.252383500000008,4.2794145000000015,0.9399870000000021,-1.1378790000000052,-1.6903275000000004,-3.6404308792349998,0.00015224999999999982,0.00013075,0.00010125,0.0,-6.300000000000034e-05,-7.975000000000007e-05,-0.0001388762925000001
356.0,3.4831460674157304,0.0001512499999999999,0.00011650000000000028,8.375000000000006e-05,3.049999999999971e-05,-9.49999999999996e-06,-2.2999999999999963e-05,-7.325000000000002e-05,4.988527500000004,3.8424030000000045,2.7622424999999993,1.005950999999996,-0.3133290000000031,-0.7585859999999993,-2.4159314999999992,0.0001207500000000002,8.600000000000057e-05,5.3250000000000346e-05,0.0,-3.999999999999967e-05,-5.3499999999999674e-05,-0.00010374999999999973
360.0,3.4444444444444446,0.00013225,8.125000000000016e-05,4.1250000000000054e-05,2.6500000000000265e-05,8.749999999999969e-06,-1.849999999999999e-05,-6.699999999999995e-05,4.361869499999997,2.6797875000000033,1.3605075000000042,0.8740230000000011,0.2885924999999965,-0.6101670000000006,-2.2097940000000005,0.00010574999999999972,5.4749999999999894e-05,1.474999999999979e-05,0.0,-1.7750000000000296e-05,-4.5000000000000254e-05,-9.350000000000021e-05
364.0,3.4065934065934065,0.00010699999999999989,4.6499999999999883e-05,1.500000000000004e-05,2.1500000000000035e-05,2.099999999999997e-05,-2.1469080000000013e-05,-6.125e-05,3.5290740000000014,1.5336629999999971,0.4947300000000041,0.7091130000000021,0.6926220000000001,-0.7080931965599997,-2.020147500000002,8.549999999999986e-05,2.499999999999985e-05,-6.499999999999995e-06,0.0,-5.000000000000664e-07,-4.296908000000005e-05,-8.275000000000003e-05
368.0,3.369565217391304,8.050000000000006e-05,1.3999999999999907e-05,-1.2250000000000108e-05,1.7249999999999904e-05,3.35e-05,-2.7976997499999996e-05,-7.100000000000005e-05,2.6550510000000003,0.46174800000000005,-0.40402950000000004,0.568939499999999,1.1048970000000011,-0.9227373315449998,-2.3417220000000007,6.325000000000016e-05,-3.2499999999999977e-06,-2.9500000000000012e-05,0.0,1.6250000000000097e-05,-4.52269974999999e-05,-8.824999999999995e-05
372.0,3.3333333333333335,5.1750000000000147e-05,-2.325000000000005e-05,-3.174999999999988e-05,1.7499999999999937e-05,3.200000000000002e-05,-3.587323e-05,-8.8e-05,1.7068185000000042,-0.766831499999995,-1.0471785000000011,0.5771850000000001,1.0554239999999986,-1.18317087186,-2.9024159999999997,3.425000000000021e-05,-4.074999999999999e-05,-4.9249999999999815e-05,0.0,1.4500000000000081e-05,-5.337322999999994e-05,-0.00010549999999999994
376.0,3.297872340425532,2.5499999999999915e-05,-4.700000000000017e-05,-4.3500000000000136e-05,9.000000000000002e-06,3.150000000000001e-05,-4.89507825e-05,-0.00010450000000000005,0.841040999999997,-1.5501539999999991,-1.434716999999992,0.2968380000000046,1.038933,-1.614494708415,-3.446619,1.6499999999999913e-05,-5.600000000000017e-05,-5.250000000000014e-05,0.0,2.2500000000000005e-05,-5.79507825e-05,-0.00011350000000000005
380.0,3.263157894736842,2.7499999999999313e-06,-7.275000000000011e-05,-6.075000000000004e-05,2.249999999999865e-06,1.675e-05,-5.051681750000001e-05,-0.00010149999999999995,0.09070049999999696,-2.399440499999997,-2.003656499999998,0.07420950000000204,0.5524485000000006,-1.6661456747850003,-3.3476730000000003,5.000000000000664e-07,-7.499999999999998e-05,-6.29999999999999e-05,0.0,1.4500000000000136e-05,-5.2766817499999874e-05,-0.00010374999999999981
384.0,3.2291666666666665,-1.6000000000000172e-05,-0.00010350000000000008,-8.850000000000004e-05,-1.1249999999999975e-05,1.0249999999999951e-05,-4.9572035e-05,-9.433059500000001e-05,-0.5277120000000082,-3.4136370000000014,-2.9189070000000044,-0.37104749999999953,0.3380655000000008,-1.6349848583699997,-3.1112116842899997,-4.750000000000197e-06,-9.22500000000001e-05,-7.725000000000006e-05,0.0,2.1499999999999926e-05,-3.8322035000000026e-05,-8.308059500000003e-05
388.0,3.195876288659794,-3.824999999999998e-05,-0.0001337500000000002,-0.00012224999999999996,-2.5000000000000066e-05,6.499999999999995e-06,-4.5783972499999995e-05,-8.184519e-05,-1.2615614999999991,-4.411342499999996,-4.032049499999992,-0.8245499999999986,0.214382999999998,-1.5100469809950003,-2.6994180565800003,-1.3249999999999915e-05,-0.00010875000000000012,-9.72499999999999e-05,0.0,3.150000000000006e-05,-2.078397249999993e-05,-5.6845189999999934e-05
392.0,3.163265306122449,-6.724999999999993e-05,-0.00016800000000000018,-0.00016200000000000003,-3.4999999999999875e-05,1.624999999999999e-05,-3.275000000000001e-05,-6.53258065e-05,-2.2180394999999997,-5.540976000000015,-5.343084000000005,-1.1543700000000001,0.5359574999999985,-1.0801604999999999,-2.154575749983,-3.225000000000005e-05,-0.0001330000000000003,-0.00012700000000000016,0.0,5.124999999999986e-05,2.249999999999865e-06,-3.032580650000013e-05
396.0,3.1313131313131315,-8.625000000000006e-05,-0.00020799999999999985,-0.0002082500000000001,-3.9749999999999855e-05,1.9000000000000028e-05,-1.7250000000000013e-05,-4.074999999999999e-05,-2.8446974999999988,-6.860255999999996,-6.868501500000001,-1.311034499999998,0.626657999999999,-0.568939499999999,-1.3440164999999995,-4.650000000000021e-05,-0.00016825,-0.00016850000000000025,0.0,5.874999999999988e-05,2.2499999999999842e-05,-1.0000000000001327e-06
400.0,3.1,-0.00011625000000000003,-0.00023849999999999978,-0.00024200000000000003,-5.8250000000000034e-05,1.1249999999999975e-05,-1.3250000000000024e-05,-3.0999999999999995e-05,-3.8341575,-7.866206999999999,-7.981644000000006,-1.9212014999999987,0.3710475000000013,-0.43701150000000055,-1.0224419999999999,-5.8e-05,-0.00018024999999999975,-0.00018375,0.0,6.950000000000001e-05,4.500000000000001e-05,2.725000000000004e-05
404.0,3.0693069306930694,-0.00013349999999999994,-0.00025975,-0.00027575000000000006,-6.950000000000001e-05,-1.5000000000000365e-06,-1.875000000000005e-05,-2.6749999999999973e-05,-4.403096999999999,-8.567074499999997,-9.094786500000001,-2.2922490000000018,-0.04947299999999899,-0.6184125000000016,-0.8822684999999986,-6.399999999999993e-05,-0.00019025,-0.00020625000000000005,0.0,6.799999999999997e-05,5.074999999999996e-05,4.2750000000000036e-05
408.0,3.0392156862745097,-0.00014349999999999996,-0.00027375,-0.000289,-7.625000000000004e-05,-8.749999999999969e-06,-2.524999999999999e-05,-2.099999999999997e-05,-4.7329170000000005,-9.028822499999997,-9.531797999999998,-2.5148775000000008,-0.28859250000000003,-0.8327954999999996,-0.6926220000000001,-6.724999999999993e-05,-0.00019749999999999998,-0.00021274999999999994,0.0,6.750000000000007e-05,5.100000000000005e-05,5.525000000000007e-05
412.0,3.0097087378640777,-0.00014974999999999993,-0.00028525,-0.00030350000000000006,-8.625000000000001e-05,-1.774999999999997e-05,-2.4249999999999966e-05,-1.3749999999999982e-05,-4.939054500000005,-9.408115499999997,-10.010037000000004,-2.8446974999999988,-0.5854304999999993,-0.7998135000000008,-0.4535025000000026,-6.349999999999992e-05,-0.000199,-0.00021725000000000005,0.0,6.850000000000004e-05,6.200000000000004e-05,7.250000000000003e-05
416.0,2.980769230769231,-0.00015525,-0.00029624999999999996,-0.0003185,-9.075000000000001e-05,-2.174999999999996e-05,-1.8749999999999995e-05,1.249999999999949e-06,-5.120455500000002,-9.7709175,-10.504766999999998,-2.993116500000003,-0.7173585000000013,-0.6184125000000016,0.04122750000000508,-6.45e-05,-0.00020549999999999995,-0.00022774999999999998,0.0,6.900000000000005e-05,7.200000000000002e-05,9.199999999999996e-05
420.0,2.9523809523809526,-0.0001625,-0.00030500000000000004,-0.0003407500000000001,-9.475e-05,-2.4499999999999945e-05,-1.2249999999999945e-05,8.500000000000044e-06,-5.3595749999999995,-10.05951,-11.238616500000003,-3.1250444999999996,-0.8080590000000001,-0.40402949999999827,0.280346999999999,-6.775e-05,-0.00021025000000000004,-0.0002460000000000001,0.0,7.025000000000005e-05,8.250000000000005e-05,0.00010325000000000004
424.0,2.9245283018867925,-0.00016825,-0.00031275,-0.00035550000000000013,-9.974999999999996e-05,-2.4749999999999924e-05,-4.74999999999998e-06,2.45e-05,-5.5492215,-10.315120499999999,-11.725100999999995,-3.2899545000000003,-0.8163045000000011,-0.15666449999999976,0.8080590000000001,-6.850000000000004e-05,-0.00021300000000000003,-0.00025575000000000017,0.0,7.500000000000003e-05,9.499999999999998e-05,0.00012424999999999996
428.0,2.897196261682243,-0.00017150000000000005,-0.0003135,-0.00036399999999999996,-0.00010600000000000003,-2.2749999999999984e-05,-1.4999999999999823e-06,3.225000000000016e-05,-5.656413000000001,-10.339857000000002,-12.005447999999994,-3.4960919999999973,-0.7503405000000001,-0.04947299999999899,1.0636694999999996,-6.550000000000002e-05,-0.00020749999999999995,-0.00025799999999999993,0.0,8.325000000000004e-05,0.00010450000000000005,0.0001382500000000002
432.0,2.8703703703703702,-0.0001722500000000001,-0.00031249999999999995,-0.0003669999999999999,-0.00011575000000000002,-3.7250000000000065e-05,-1.2499999999999924e-05,3.550000000000005e-05,-5.6811494999999965,-10.306874999999998,-12.104393999999996,-3.817666499999998,-1.2285795000000004,-0.41227500000000106,1.1708609999999986,-5.650000000000007e-05,-0.00019674999999999993,-0.0002512499999999999,0.0,7.849999999999996e-05,0.0001032500000000001,0.00015125000000000007
436.0,2.8440366972477062,-0.00017475,-0.00030600000000000007,-0.00036149999999999995,-0.0001225,-4.9750000000000044e-05,-2.45e-05,2.45e-05,-5.7636045,-10.092492,-11.922993000000002,-4.040295,-1.6408544999999997,-0.8080590000000001,0.8080590000000036,-5.2249999999999996e-05,-0.00018350000000000007,-0.00023899999999999995,0.0,7.274999999999995e-05,9.8e-05,0.000147
440.0,2.8181818181818183,-0.00017099999999999998,-0.00029575,-0.0003514999999999999,-0.00012674999999999996,-5.35e-05,-3.374999999999998e-05,1.5250000000000018e-05,-5.639921999999995,-9.754426500000001,-11.593173,-4.1804685,-1.7645370000000007,-1.1131424999999986,0.502975499999998,-4.425000000000002e-05,-0.00016900000000000004,-0.00022474999999999996,0.0,7.324999999999996e-05,9.299999999999998e-05,0.00014199999999999998
444.0,2.7927927927927927,-0.00016949999999999995,-0.00028950000000000004,-0.0003445000000000001,-0.00013700000000000002,-6.400000000000004e-05,-4.3750000000000006e-05,2.2499999999999734e-06,-5.590449000000001,-9.548289,-11.362299000000004,-4.518533999999999,-2.1108480000000007,-1.442962500000002,0.07420949999999849,-3.249999999999992e-05,-0.00015250000000000002,-0.00020750000000000006,0.0,7.299999999999999e-05,9.325000000000002e-05,0.00013925
448.0,2.767857142857143,-0.00016525000000000003,-0.00028474999999999996,-0.00034449999999999997,-0.00014175,-7.824999999999998e-05,-5.475e-05,-7.749999999999944e-06,-5.450275500000002,-9.391624499999999,-11.362299,-4.6751985000000005,-2.5808415,-1.8057645000000004,-0.2556104999999995,-2.350000000000003e-05,-0.00014299999999999995,-0.00020274999999999997,0.0,6.350000000000003e-05,8.7e-05,0.00013400000000000006
452.0,2.743362831858407,-0.00017049999999999997,-0.00028150000000000007,-0.0003437500000000001,-0.00015025,-8.950000000000003e-05,-6.825e-05,-2.1999999999999993e-05,-5.623431,-9.284433,-11.337562500000004,-4.9555454999999995,-2.9518890000000013,-2.2510215000000002,-0.7256040000000006,-2.0249999999999977e-05,-0.00013125000000000007,-0.0001935000000000001,0.0,6.074999999999996e-05,8.199999999999999e-05,0.00012825
456.0,2.719298245614035,-0.00017749999999999998,-0.00028374999999999993,-0.00035099999999999997,-0.00015899999999999996,-9.924999999999999e-05,-7.160929499999999e-05,-2.275000000000001e-05,-5.854304999999998,-9.358642499999998,-11.576681999999998,-5.244138,-3.2734634999999996,-2.36181776769,-0.7503405000000001,-1.8500000000000016e-05,-0.00012474999999999997,-0.000192,0.0,5.9749999999999975e-05,8.739070499999998e-05,0.00013624999999999995
460.0,2.6956521739130435,-0.0001814999999999999,-0.0002877499999999999,-0.0003535,-0.00016824999999999994,-0.000114141635,-8.0060295e-05,-3.699999999999998e-05,-5.986233,-9.490570500000002,-11.659136999999998,-5.5492215,-3.7646194055700004,-2.6405486496900004,-1.2203339999999994,-1.324999999999997e-05,-0.00011949999999999998,-0.00018525000000000003,0.0,5.410836499999994e-05,8.818970499999994e-05,0.00013124999999999996
464.0,2.6724137931034484,-0.00018400000000000003,-0.00028549999999999995,-0.000349,-0.00017799999999999994,-0.00012833011775,-9.914900250000001e-05,-5.131929250000001e-05,-6.068688000000002,-9.416360999999998,-11.510718,-5.870796,-4.2325839436305,-3.270132400455,-1.6926129052350003,-6.000000000000092e-06,-0.00010750000000000001,-0.0001710000000000001,0.0,4.966988224999993e-05,7.885099749999992e-05,0.00012668070749999994
468.0,2.6495726495726495,-0.00018474999999999996,-0.00027650000000000005,-0.0003327500000000001,-0.00018580086749999997,-0.00014737360250000002,-0.0001247136825,-7.83331275e-05,-6.093424500000001,-9.119523000000001,-10.974760499999999,-6.128084211885,-4.860676157655,-4.113306676215,-2.5835832112049997,1.0508675000000015e-06,-9.069913250000009e-05,-0.00014694913250000013,0.0,3.842726499999995e-05,6.108718499999997e-05,0.00010746773999999996
472.0,2.6271186440677967,-0.0001895,-0.00027899999999999995,-0.00033250000000000006,-0.00019525555,-0.00015998963499999999,-0.0001403211425,-9.478952574999999e-05,-6.250089000000001,-9.201978,-10.966515000000001,-6.4399185501,-5.27677814157,-4.628071921935001,-3.1263481382865,5.7555499999999995e-06,-8.374444999999995e-05,-0.00013724445000000006,0.0,3.526591500000001e-05,5.49344075e-05,0.00010046602425000001
476.0,2.6050420168067228,-0.00020775000000000004,-0.00029274999999999993,-0.0003385,-0.00020690317,-0.00016342156499999998,-0.00013838963750000002,-9.31703075e-05,-6.8520105000000004,-9.655480500000001,-11.164407,-6.82408035294,-5.38997005683,-4.564367024025,-3.0729430819649997,-8.468300000000293e-07,-8.584682999999993e-05,-0.00013159682999999998,0.0,4.348160500000002e-05,6.851353249999999e-05,0.00011373286250000001
480.0,2.5833333333333335,-0.00022124999999999998,-0.000303,-0.00034999999999999994,-0.00021659387250000001,-0.00017160266249999998,-0.00014047320999999998,-9.408497000000002e-05,-7.2972674999999985,-9.993546000000002,-11.543700000000001,-7.143699102795,-5.659799014575,-4.633087412220001,-3.1031104805400003,-4.656127499999969e-06,-8.640612749999998e-05,-0.00013340612749999993,0.0,4.499121000000003e-05,7.612066250000003e-05,0.00012250890249999999
484.0,2.56198347107438,-0.0002314847325,-0.00030950000000000004,-0.00035849999999999993,-0.00022239224999999997,-0.000178462385,-0.00014024999999999997,-9.768539e-05,-7.634829447314998,-10.207929000000002,-11.824047,-7.3349411895,-5.886046382070001,-4.625725499999999,-3.22185953298,-9.092482500000038e-06,-8.710775000000007e-05,-0.00013610774999999996,0.0,4.3929864999999965e-05,8.214225e-05,0.00012470685999999996
488.0,2.540983606557377,-0.00024474898675000005,-0.000327,-0.0003742499999999999,-0.00022827245499999998,-0.00018265705500000002,-0.000138,-8.950000000000001e-05,-8.0723110809885,-10.785114000000002,-12.343513499999997,-7.528882110809999,-6.024394988009999,-4.5515159999999995,-2.9518889999999995,-1.6476531750000067e-05,-9.8727545e-05,-0.00014597754499999992,0.0,4.561539999999996e-05,9.027245499999999e-05,0.00013877245499999998
492.0,2.5203252032520327,-0.0002573405275,-0.00034222197749999997,-0.00038649999999999996,-0.00023618685124999998,-0.00018350000000000002,-0.00013199999999999998,-8.375e-05,-8.487605278004999,-11.287165261905,-12.747542999999999,-7.7899147279275,-6.052197000000001,-4.353624,-2.7622425,-2.1153676250000028e-05,-0.00010603512625,-0.00015031314874999998,0.0,5.268685124999996e-05,0.00010418685125,0.00015243685124999998
496.0,2.5,-0.0002685,-0.0003530722225,-0.0003977500000000001,-0.00023970869,-0.00018525000000000003,-0.00012625,-7.749999999999999e-05,-8.855667,-11.645028042494998,-13.118590499999998,-7.906072013580001,-6.1099155,-4.163977500000001,-2.5561050000000005,-2.8791310000000024e-05,-0.00011336353249999999,-0.0001580413100000001,0.0,5.4458689999999966e-05,0.00011345868999999999,0.00016220869
500.0,2.48,-0.0002821312275,-0.00036899999999999997,-0.00040781269750000005,-0.00024324549,-0.00018274999999999997,-0.00012225000000000004,-6.649999999999996e-05,-9.305252145405,-12.170358,-13.450478388945,-8.022722751179998,-6.0274605,-4.032049500000001,-2.1933029999999984,-3.8885737499999985e-05,-0.00012575450999999997,-0.00016456720750000005,0.0,6.049549000000003e-05,0.00012099548999999996,0.00017674549000000004
