wavelength,energy,-2_deltaA,-4_deltaA,0_deltaA,10_deltaA,2_deltaA,4_deltaA,6_deltaA,8_deltaA,-2_mdeg,-4_mdeg,0_mdeg,10_mdeg,2_mdeg,4_mdeg,6_mdeg,8_mdeg,-2_deltaA_diff,-4_deltaA_diff,0_deltaA_diff,10_deltaA_diff,2_deltaA_diff,4_deltaA_diff,6_deltaA_diff,8_deltaA_diff
400.0,3.1,-0.00018925000000000018,-0.0004819999999999998,-0.0005266111111111108,0.0008382499999999996,-0.001327,-0.0009819999999999994,-0.0004642500000000011,0.00013725000000000109,-6.241843499999987,-15.897324000000026,-17.368687666666663,27.64716149999998,-43.76711399999999,-32.38832400000001,-15.311893499999996,4.526779499999975,0.00033736111111111065,4.4611111111111045e-05,0.0,0.0013648611111111105,-0.0008003888888888892,-0.00045538888888888853,6.236111111110971e-05,0.0006638611111111119
404.0,3.0693069306930694,-0.0002802500000000001,-0.0004832499999999993,-0.0005356111111111112,0.0004524999999999989,-0.00112525,-0.0010577499999999997,-0.00042050000000000073,-2.9249999999999762e-05,-9.243205500000016,-15.938551500000017,-17.665525666666664,14.924354999999991,-37.11299550000001,-34.88671050000002,-13.868931000000003,-0.9647235000000194,0.00025536111111111104,5.236111111111186e-05,0.0,0.0009881111111111102,-0.0005896388888888888,-0.0005221388888888885,0.00011511111111111043,0.0005063611111111114
408.0,3.0392156862745097,-0.0003152500000000004,-0.00046774999999999985,-0.0004344999999999999,3.750000000000281e-06,-0.00094025,-0.0008717500000000001,-0.00042025000000000005,-0.00023125000000000012,-10.397575499999988,-15.42733050000001,-14.330679,0.12368250000001524,-31.0113255,-28.752058499999997,-13.860685499999988,-7.627087500000016,0.00011924999999999946,-3.324999999999997e-05,0.0,0.00043825000000000016,-0.0005057500000000001,-0.00043725000000000025,1.4249999999999831e-05,0.00020324999999999976
412.0,3.0097087378640777,-0.00033450000000000016,-0.0005070000000000001,-0.00041288888888888885,-0.0002982499999999999,-0.000761501155,-0.0007463379600000001,-0.00038849999999999985,-0.0003597499999999998,-11.03247900000001,-16.721874,-13.61790133333334,-9.836881500000004,-25.115831094209998,-24.61571859672,-12.813506999999998,-11.865274499999998,7.838888888888869e-05,-9.411111111111122e-05,0.0,0.00011463888888888895,-0.0003486122661111111,-0.00033344907111111123,2.4388888888889006e-05,5.313888888888903e-05
416.0,2.980769230769231,-0.000347,-0.000462,-0.0003635000000000001,-0.0005182499999999999,-0.0006722499999999998,-0.0006795000000000001,-0.00036324999999999997,-0.0004585201975,-11.444754,-15.237684000000002,-11.988957,-17.0929215,-22.172149499999993,-22.411269,-11.980711499999996,-15.122913153945,1.650000000000013e-05,-9.84999999999999e-05,0.0,-0.00015474999999999983,-0.00030874999999999967,-0.000316,2.500000000001416e-07,-9.502019749999988e-05
420.0,2.9523809523809526,-0.00030225,-0.00044649999999999996,-0.00032616666666666645,-0.000634,-0.0005474999999999998,-0.0006145,-0.00032450000000000014,-0.00045275000000000003,-9.968809499999999,-14.726462999999999,-10.757629000000001,-20.910588,-18.057644999999994,-20.267439000000003,-10.702659000000011,-14.932600499999996,2.3916666666666444e-05,-0.00012033333333333351,0.0,-0.00030783333333333357,-0.00022133333333333336,-0.0002883333333333336,1.6666666666663096e-06,-0.00012658333333333358
424.0,2.9245283018867925,-0.0003300000000000001,-0.0004237499999999999,-0.0002947777777777779,-0.0006772500000000001,-0.0004717500000000004,-0.0005060000000000004,-0.0002485,-0.00042350000000000027,-10.884059999999998,-13.9761225,-9.72236066666666,-22.337059499999995,-15.559258499999999,-16.688891999999996,-8.196027000000015,-13.967877000000001,-3.522222222222219e-05,-0.000128972222222222,0.0,-0.0003824722222222222,-0.00017697222222222246,-0.00021122222222222245,4.62777777777779e-05,-0.00012872222222222235
428.0,2.897196261682243,-0.0003005000000000001,-0.0004145000000000001,-0.00028833333333333315,-0.0006637499999999998,-0.0004042500000000003,-0.00041850000000000004,-0.00020599999999999959,-0.00039349999999999975,-9.911091000000003,-13.671039000000002,-9.509809999999995,-21.891802500000004,-13.332973499999994,-13.802966999999995,-6.7942919999999845,-12.978416999999993,-1.2166666666666944e-05,-0.00012616666666666695,0.0,-0.0003754166666666667,-0.00011591666666666716,-0.00013016666666666689,8.233333333333356e-05,-0.0001051666666666666
432.0,2.8703703703703702,-0.00026524999999999997,-0.0004124999999999999,-0.00025733333333333316,-0.0006299999999999999,-0.00040025,-0.00037700000000000016,-0.00015575000000000007,-0.00033249999999999946,-8.7484755,-13.605075,-8.487368000000004,-20.77866000000001,-13.201045499999978,-12.434214000000011,-5.136946500000008,-10.966515000000001,-7.916666666666814e-06,-0.00015516666666666673,0.0,-0.00037266666666666676,-0.00014291666666666684,-0.00011966666666666701,0.00010158333333333308,-7.516666666666631e-05
436.0,2.8440366972477062,-0.000219,-0.00037224999999999997,-0.00025211111111111116,-0.0005717500000000002,-0.0003415000000000002,-0.000356,-0.00010549999999999969,-0.00028649999999999986,-7.223058000000002,-12.2775495,-8.315128666666673,-18.857458500000007,-11.263352999999995,-11.741591999999997,-3.4796010000000166,-9.449342999999999,3.3111111111111145e-05,-0.00012013888888888881,0.0,-0.00031963888888888905,-8.938888888888907e-05,-0.00010388888888888882,0.00014661111111111146,-3.438888888888871e-05
440.0,2.8181818181818183,-0.00019575000000000001,-0.00036275,-0.00022111111111111116,-0.0005049999999999998,-0.0003125000000000003,-0.0003177499999999999,-9.550000000000053e-05,-0.00024300000000000016,-6.4562265,-11.9642205,-7.292686666666668,-16.655910000000006,-10.306875000000005,-10.480030500000012,-3.1497810000000044,-8.014625999999993,2.5361111111111146e-05,-0.00014163888888888885,0.0,-0.00028388888888888865,-9.138888888888912e-05,-9.663888888888873e-05,0.00012561111111111063,-2.1888888888889e-05
444.0,2.7927927927927927,-0.00019525,-0.00035000000000000005,-0.0001708333333333336,-0.0004417500000000003,-0.00030025000000000017,-0.00029275000000000004,-6.075000000000004e-05,-0.0002052499999999997,-6.439735499999999,-11.543700000000001,-5.634424999999993,-14.569798500000005,-9.902845499999998,-9.65548050000001,-2.0036565000000053,-6.769555499999996,-2.4416666666666402e-05,-0.00017916666666666645,0.0,-0.0002709166666666667,-0.00012941666666666657,-0.00012191666666666644,0.00011008333333333356,-3.44166666666661e-05
448.0,2.767857142857143,-0.0001845,-0.0003395,-0.00016188888888888915,-0.0003855000000000004,-0.0002760000000000002,-0.00026900000000000014,-4.549999999999997e-05,-0.0001732499999999998,-6.085178999999999,-11.197389,-5.339419333333332,-12.714561000000003,-9.103031999999999,-8.872157999999985,-1.5006810000000144,-5.7141314999999935,-2.2611111111110863e-05,-0.00017761111111111086,0.0,-0.00022361111111111128,-0.00011411111111111105,-0.00010711111111111099,0.00011638888888888918,-1.1361111111110643e-05
452.0,2.743362831858407,-0.00016150000000000002,-0.00031899999999999995,-0.00015683333333333348,-0.00033850000000000026,-0.00025975,-0.0002427499999999999,-2.6749999999999864e-05,-0.0001332499999999997,-5.326593000000001,-10.521258000000001,-5.172677000000007,-11.164407000000011,-8.567074499999997,-8.006380500000006,-0.882268499999995,-4.3948515000000015,-4.666666666666545e-06,-0.00016216666666666647,0.0,-0.00018166666666666678,-0.00010291666666666652,-8.591666666666643e-05,0.0001300833333333336,2.358333333333379e-05
456.0,2.719298245614035,-0.00013675,-0.000307,-0.00013788888888888878,-0.00029175000000000034,-0.00023375000000000002,-0.00023225000000000069,-1.1499999999999792e-05,-0.00010300000000000023,-4.5102885,-10.125473999999999,-4.547851333333327,-9.622498499999992,-7.709542499999998,-7.660069500000006,-0.3792929999999899,-3.3971459999999922,1.138888888888793e-06,-0.0001691111111111112,0.0,-0.00015386111111111156,-9.586111111111123e-05,-9.43611111111119e-05,0.000126388888888889,3.4888888888888556e-05
460.0,2.6956521739130435,-0.00011800000000000005,-0.00027125,-0.00012072222222222226,-0.00025449999999999995,-0.0002132499999999999,-0.00022824999999999972,-3.750000000000281e-06,-7.57500000000003e-05,-3.891876,-8.946367499999997,-3.9816603333333376,-8.393918999999997,-7.0334115,-7.52814149999999,-0.12368249999998682,-2.498386499999995,2.72222222222221e-06,-0.00015052777777777775,0.0,-0.0001337777777777777,-9.252777777777764e-05,-0.00010752777777777746,0.00011697222222222198,4.497222222222196e-05
464.0,2.6724137931034484,-0.00010575,-0.00024625,-0.00010866666666666663,-0.00021425000000000003,-0.00020549999999999995,-0.00021600000000000005,1.749999999999972e-05,-4.074999999999999e-05,-3.4878465,-8.1218175,-3.5840440000000022,-7.066393500000004,-6.777800999999997,-7.124112000000004,0.5771850000000001,-1.3440165000000093,2.916666666666638e-06,-0.00013758333333333336,0.0,-0.0001055833333333334,-9.683333333333332e-05,-0.00010733333333333341,0.00012616666666666635,6.791666666666665e-05
468.0,2.6495726495726495,-9.275e-05,-0.00023174999999999997,-0.00010066666666666676,-0.00017374999999999943,-0.00019775,-0.00020150000000000007,3.799999999999984e-05,-1.7000000000000088e-05,-3.0590804999999994,-7.6435784999999985,-3.3201880000000017,-5.7306224999999955,-6.522190500000008,-6.645873000000009,1.253315999999998,-0.560693999999998,7.91666666666676e-06,-0.0001310833333333332,0.0,-7.308333333333266e-05,-9.708333333333324e-05,-0.00010083333333333331,0.0001386666666666666,8.366666666666668e-05
472.0,2.6271186440677967,-9.075000000000001e-05,-0.00022224999999999998,-9.633333333333325e-05,-0.00013575000000000002,-0.00018350000000000007,-0.00019375000000000013,5.4250000000000045e-05,-3.0000000000001813e-06,-2.9931164999999993,-7.330249499999998,-3.177266000000003,-4.477306499999997,-6.052197,-6.3902624999999915,1.7892735000000073,-0.09894599999999798,5.583333333333243e-06,-0.00012591666666666673,0.0,-3.9416666666666766e-05,-8.716666666666682e-05,-9.741666666666688e-05,0.0001505833333333333,9.333333333333307e-05
476.0,2.6050420168067228,-6.400000000000001e-05,-0.00020665532750000003,-9.55000000000001e-05,-0.00010100000000000018,-0.00016150000000000008,-0.00017774999999999996,6.049999999999979e-05,1.975000000000002e-05,-2.110847999999999,-6.8159060116050005,-3.149781000000001,-3.3311819999999983,-5.326593000000003,-5.862550500000005,1.9954109999999972,0.6513945000000092,3.150000000000009e-05,-0.00011115532749999993,0.0,-5.5000000000000795e-06,-6.599999999999998e-05,-8.224999999999986e-05,0.0001559999999999999,0.00011525000000000012
480.0,2.5833333333333335,-6.099999999999999e-05,-0.00019476383,-6.950000000000012e-05,-7.400000000000006e-05,-0.00015249999999999997,-0.00016449999999999993,6.749999999999985e-05,3.825000000000009e-05,-2.011901999999999,-6.423700641060001,-2.2922489999999947,-2.440667999999995,-5.029755000000005,-5.425539000000008,2.2262850000000043,1.2615614999999991,8.500000000000125e-06,-0.00012526382999999988,0.0,-4.499999999999947e-06,-8.299999999999985e-05,-9.499999999999982e-05,0.00013699999999999997,0.0001077500000000002
484.0,2.56198347107438,-5.550000000000002e-05,-0.00016746217675,-7.227777777777777e-05,-5.5000000000000144e-05,-0.00013700000000000008,-0.0001445,7.925000000000011e-05,5.225000000000021e-05,-1.830501,-5.5232375135685,-2.383865666666665,-1.8140100000000032,-4.5185340000000025,-4.765898999999997,2.6138235000000023,1.7233094999999992,1.677777777777775e-05,-9.518439897222223e-05,0.0,1.7277777777777626e-05,-6.472222222222231e-05,-7.222222222222222e-05,0.00015152777777777788,0.00012452777777777798
488.0,2.540983606557377,-3.224999999999997e-05,-0.00015907381,-5.477777777777778e-05,-3.524999999999991e-05,-0.00013775000000000007,-0.00012774999999999993,9.350000000000005e-05,6.700000000000022e-05,-1.0636695000000005,-5.246572401419999,-1.8066806666666668,-1.1626155000000011,-4.543270500000002,-4.2134505,3.0838169999999963,2.2097940000000023,2.2527777777777807e-05,-0.00010429603222222221,0.0,1.952777777777787e-05,-8.297222222222229e-05,-7.297222222222216e-05,0.00014827777777777783,0.000121777777777778
492.0,2.5203252032520327,-2.1750000000000014e-05,-0.00015265368500000002,-4.027777777777775e-05,-1.699999999999987e-05,-0.00012600000000000003,-0.00011249999999999997,0.0001054999999999998,7.824999999999998e-05,-0.7173584999999996,-5.03482383867,-1.3284416666666665,-0.560693999999998,-4.155731999999997,-3.710474999999999,3.4796010000000024,2.5808414999999982,1.8527777777777737e-05,-0.00011237590722222227,0.0,2.327777777777788e-05,-8.572222222222228e-05,-7.222222222222222e-05,0.00014577777777777755,0.00011852777777777773
496.0,2.5,-1.4249999999999994e-05,-0.00013692277499999998,-2.866666666666664e-05,4.499999999999947e-06,-0.00012274999999999998,-9.125000000000008e-05,0.00011125000000000002,8.925000000000014e-05,-0.46999350000000106,-4.51598696505,-0.9454840000000004,0.14841899999998986,-4.0485405,-3.0096074999999978,3.6692475000000044,2.9436434999999967,1.4416666666666647e-05,-0.00010825610833333334,0.0,3.316666666666659e-05,-9.408333333333333e-05,-6.258333333333344e-05,0.00013991666666666666,0.00011791666666666678
500.0,2.48,2.500000000000061e-07,-0.00012815781749999999,-2.9166666666666707e-05,2.4999999999999957e-05,-9.875000000000004e-05,-7.874999999999999e-05,0.00011749999999999998,0.00010725000000000003,0.00824549999999924,-4.226901136785,-0.9619750000000007,0.8245500000000057,-3.2569725,-2.597332500000002,3.8753850000000014,3.537319499999999,2.9416666666666713e-05,-9.899115083333328e-05,0.0,5.4166666666666664e-05,-6.958333333333334e-05,-4.958333333333328e-05,0.0001466666666666667,0.00013641666666666674
504.0,2.4603174603174605,1.4750000000000006e-05,-0.00012336139000000001,-1.550000000000005e-05,4.3249999999999994e-05,-7.6e-05,-7.15e-05,0.00012799999999999997,0.00012074999999999998,0.48648449999999954,-4.0687053649800005,-0.5112209999999981,1.4264715000000017,-2.5066319999999997,-2.3582129999999992,4.221695999999998,3.9825765000000004,3.0250000000000058e-05,-0.00010786138999999996,0.0,5.8750000000000046e-05,-6.049999999999995e-05,-5.599999999999995e-05,0.00014350000000000002,0.00013625000000000003
508.0,2.440944881889764,1.4740420000000014e-05,-0.00011307367,-4.2729111111112963e-07,6.174999999999996e-05,-5.9750000000000016e-05,-5.275000000000001e-05,0.00013775000000000001,0.00014325000000000004,0.4861685324399998,-3.72939578394,-0.014092915426666686,2.0366385000000022,-1.9706744999999994,-1.7398004999999985,4.5432705,4.724671500000003,1.5167711111111143e-05,-0.00011264637888888887,0.0,6.217729111111109e-05,-5.9322708888888886e-05,-5.232270888888888e-05,0.00013817729111111114,0.00014367729111111117
512.0,2.421875,1.195382999999999e-05,-0.0001105119,9.889216666666663e-06,8.875000000000007e-05,-4.175000000000001e-05,-2.924999999999998e-05,0.00015300000000000003,0.00015675,0.3942612210600003,-3.6449034858,0.3261661441000001,2.9271524999999983,-1.3769984999999991,-0.9647234999999998,5.046246,5.169928500000003,2.0646133333333258e-06,-0.00012040111666666666,0.0,7.88607833333334e-05,-5.1639216666666675e-05,-3.913921666666664e-05,0.00014311078333333337,0.00014686078333333332
516.0,2.4031007751937983,2.5111232500000003e-05,-9.6251795e-05,7.44710483333331e-06,0.00011099999999999999,-2.344429250000001e-05,-4.971079999999996e-06,0.00016875,0.000174,0.8282186703149996,-3.1745767026899996,0.2456204116129994,3.661002,-0.7732396552350003,-0.16395616055999973,5.565712499999998,5.738868,1.7664127666666693e-05,-0.00010369889983333332,0.0,0.00010355289516666668,-3.089139733333332e-05,-1.2418184833333306e-05,0.0001613028951666667,0.0001665528951666667
520.0,2.3846153846153846,3.00149625e-05,-8.947896e-05,3.068323277777777e-05,0.00013325,-3.3958350000000013e-06,1.6491135500000003e-05,0.000182248545,0.00019299999999999997,0.989953493175,-2.9511950587199998,1.0119943834766665,4.3948515000000015,-0.11200142997000029,0.543910631061,6.01092151119,6.365526000000001,-6.682702777777699e-07,-0.00012016219277777777,0.0,0.00010256676722222224,-3.407906777777777e-05,-1.4192097277777768e-05,0.00015156531222222224,0.0001623167672222222
524.0,2.366412213740458,3.4859214499999996e-05,-7.48213475e-05,5.0604144777777784e-05,0.00015025,1.0847982499999997e-05,3.14857775e-05,0.0002004720725,0.00021111796499999997,1.1497266126389998,-2.467757683245,1.6690259030606667,4.9555454999999995,0.35778815881500003,1.0384639135049998,6.611969895194999,6.963092721630001,-1.5744930277777788e-05,-0.00012542549227777779,0.0,9.964585522222221e-05,-3.975616227777779e-05,-1.9118367277777787e-05,0.0001498679277222222,0.00016051382022222219
528.0,2.3484848484848486,4.059387075e-05,-8.1148085e-05,5.401885888888888e-05,0.00016974999999999992,2.047304750000002e-05,5.3537145e-05,0.00022161184500000001,0.0002283143725,1.3388670450765,-2.67642613947,1.7816500038733336,5.598694499999999,0.6752420526450003,1.7657621163900004,7.30920187179,7.530264633794999,-1.3424988138888882e-05,-0.00013516694388888888,0.0,0.00011573114111111104,-3.354581138888886e-05,-4.817138888888785e-07,0.00016759298611111113,0.00017429551361111112
532.0,2.330827067669173,5.8820637749999995e-05,-7.72884075e-05,6.996170166666667e-05,0.00018772804249999998,3.5750000000000015e-05,7.199999999999999e-05,0.00024136865499999998,0.00025325,1.9400222742704998,-2.549126256165,2.30747684437,6.191646297735,1.1791065000000005,2.3747040000000013,7.96082097921,8.3526915,-1.1141063916666672e-05,-0.00014725010916666667,0.0,0.00011776634083333331,-3.421170166666665e-05,2.0382983333333213e-06,0.00017140695333333331,0.00018328829833333334
536.0,2.3134328358208953,6.415564249999999e-05,-7.793787975e-05,8.168899333333333e-05,0.00020615629,4.9999999999999996e-05,9.899999999999997e-05,0.00025518154,0.0002656521025,2.115981400935,-2.5705471499145,2.6942663781199996,6.79944675678,1.6491000000000007,3.265217999999999,8.41639755228,8.761737644655,-1.7533350833333342e-05,-0.00015962687308333334,0.0,0.00012446729666666667,-3.168899333333334e-05,1.7311006666666633e-05,0.00017349254666666666,0.00018396310916666663
540.0,2.2962962962962963,6.41094825e-05,-6.955031024999999e-05,8.40322611111111e-05,0.000222532365,6.600000000000003e-05,0.00011200000000000001,0.0002727949525,0.00028686619125,2.1144589518149997,-2.2939083326654996,2.7715520359666663,7.339562462429999,2.176812,3.6939840000000004,8.997323123354999,9.4614207198075,-1.9922778611111095e-05,-0.00015358257136111107,0.0,0.00013850010388888892,-1.8032261111111065e-05,2.7967738888888915e-05,0.00018876269138888894,0.0002028339301388889
544.0,2.2794117647058822,7.346824499999999e-05,-6.390987e-05,9.583333333333332e-05,0.0002442165,8.650000000000004e-05,0.00013050000000000003,0.00029064910499999993,0.000302392945,2.4231296565899996,-2.1078753323400004,3.160775,8.054748603,2.8529430000000016,4.304150999999999,9.58618878111,9.973524111989999,-2.236508833333333e-05,-0.0001597432033333333,0.0,0.0001483831666666667,-9.33333333333328e-06,3.4666666666666705e-05,0.0001948157716666666,0.00020655961166666666
548.0,2.2627737226277373,8.139078499999999e-05,-5.04794175e-05,0.00010605555555555558,0.000267260461,9.900000000000002e-05,0.00015250000000000002,0.00031125,0.000319989985,2.68443087087,-1.664912147985,3.4979243333333327,8.814784524702,3.265217999999999,5.0297550000000015,10.265647500000002,10.55390968527,-2.4664770555555594e-05,-0.00015653497305555557,0.0,0.00016120490544444443,-7.055555555555558e-06,4.644444444444444e-05,0.00020519444444444442,0.0002139344294444444
552.0,2.246376811594203,8.399999999999998e-05,-4.440203499999998e-05,0.00012511111111111113,0.000288060655,0.00012174999999999995,0.0001695,0.00032775,0.00033575,2.7704879999999994,-1.4644679183699996,4.126414666666666,9.50081652321,4.015558499999999,5.590449,10.809850500000001,11.073706500000002,-4.111111111111115e-05,-0.0001695131461111111,0.0,0.00016294954388888888,-3.3611111111111808e-06,4.438888888888887e-05,0.0002026388888888889,0.00021063888888888887
556.0,2.2302158273381294,9.775000000000002e-05,-3.3782647499999984e-05,0.00013861111111111113,0.0002969729525,0.00013125000000000002,0.00019250000000000007,0.0003439999999999999,0.00035150000000000003,3.223990500000001,-1.114219279845,4.571671666666666,9.794761919354999,4.3288875,6.349035000000001,11.345807999999998,11.593173,-4.0861111111111116e-05,-0.00017239375861111112,0.0,0.00015836184138888886,-7.361111111111115e-06,5.388888888888894e-05,0.00020538888888888877,0.0002128888888888889
560.0,2.2142857142857144,0.00010324999999999999,-2.6499999999999994e-05,0.00015033333333333337,0.00031375,0.00015499999999999997,0.00021749999999999997,0.0003600000000000001,0.00037075000000000004,3.4053915000000003,-0.8740229999999993,4.958294,10.3481025,5.112209999999999,7.173584999999997,11.873519999999997,12.2280765,-4.7083333333333385e-05,-0.00017683333333333337,0.0,0.00016341666666666664,4.666666666666599e-06,6.71666666666666e-05,0.0002096666666666667,0.00022041666666666667
564.0,2.198581560283688,0.00011524999999999996,-1.3500000000000003e-05,0.0001656111111111111,0.000324,0.00017975000000000006,0.0002267499999999999,0.00037725000000000004,0.00038500000000000003,3.8011754999999994,-0.4452569999999998,5.462185666666666,10.686167999999999,5.928514499999999,7.478668500000001,12.442459500000002,12.698070000000001,-5.036111111111116e-05,-0.00017911111111111112,0.0,0.0001583888888888889,1.4138888888888946e-05,6.113888888888879e-05,0.00021163888888888892,0.00021938888888888892
568.0,2.183098591549296,0.00013575000000000002,3.4999999999999767e-06,0.0001760555555555555,0.00033325,0.00018849999999999997,0.00024799999999999996,0.00039175000000000006,0.00039575000000000005,4.477306499999999,0.11543700000000001,5.806664333333336,10.9912515,6.217107000000002,8.179535999999999,12.920698500000002,13.052626500000002,-4.030555555555547e-05,-0.00017255555555555552,0.0,0.0001571944444444445,1.2444444444444482e-05,7.194444444444446e-05,0.00021569444444444457,0.00021969444444444456
572.0,2.167832167832168,0.00014924999999999997,6.249999999999989e-06,0.0001942777777777777,0.00034475,0.00021125,0.00025975,0.00040299999999999993,0.0004089999999999999,4.922563500000001,0.20613750000000053,6.407669666666665,11.3705445,6.9674475000000005,8.567074499999997,13.291746,13.489638,-4.502777777777773e-05,-0.0001880277777777777,0.0,0.0001504722222222223,1.6972222222222313e-05,6.54722222222223e-05,0.00020872222222222223,0.0002147222222222222
576.0,2.1527777777777777,0.00016224999999999996,2.4999999999999957e-05,0.00021783333333333328,0.00035975000000000015,0.0002222499999999999,0.00029399999999999994,0.00041325,0.00041250000000000005,5.3513295,0.8245499999999986,7.184578999999999,11.865274500000003,7.330249499999997,9.696707999999997,13.629811499999999,13.605075,-5.558333333333332e-05,-0.00019283333333333332,0.0,0.00014191666666666687,4.4166666666666204e-06,7.616666666666666e-05,0.0001954166666666667,0.00019466666666666677
580.0,2.1379310344827585,0.00017375000000000002,4.799999999999992e-05,0.00022633333333333338,0.0003645,0.00023625000000000008,0.0003122499999999999,0.00042200000000000007,0.00042050000000000003,5.730622499999999,1.5831359999999997,7.464925999999997,12.021939000000001,7.791997500000001,10.2986295,13.918404,13.868930999999998,-5.2583333333333356e-05,-0.00017833333333333346,0.0,0.00013816666666666665,9.9166666666667e-06,8.591666666666654e-05,0.0001956666666666667,0.00019416666666666665
584.0,2.1232876712328768,0.00018500000000000005,6.500000000000006e-05,0.0002441666666666667,0.0003645,0.00025225,0.0003265,0.000432,0.00042449999999999996,6.101670000000002,2.1438300000000012,8.053105,12.021939,8.319709500000002,10.768623,14.248224,14.000859,-5.916666666666662e-05,-0.0001791666666666666,0.0,0.00012033333333333335,8.083333333333304e-06,8.233333333333335e-05,0.0001878333333333333,0.0001803333333333333
588.0,2.108843537414966,0.00019175000000000008,6.999999999999997e-05,0.000261111111111111,0.00036649999999999996,0.00026375000000000004,0.000342,0.00043374999999999995,0.00042625000000000003,6.324298500000001,2.3087400000000002,8.61196666666667,12.087902999999997,8.699002499999997,11.279844,14.305942499999999,14.058577499999998,-6.936111111111091e-05,-0.00019111111111111103,0.0,0.00010538888888888897,2.6388888888890464e-06,8.088888888888902e-05,0.00017263888888888895,0.00016513888888888904
592.0,2.0945945945945947,0.00020349999999999996,8.199999999999993e-05,0.00026188888888888887,0.00037074999999999993,0.00028299999999999994,0.00035399999999999993,0.00043775,0.00042599999999999995,6.711837000000001,2.7045239999999993,8.63761933333333,12.2280765,9.333906000000002,11.675628000000001,14.437870500000002,14.050332,-5.838888888888891e-05,-0.00017988888888888894,0.0,0.00010886111111111106,2.111111111111107e-05,9.211111111111106e-05,0.00017586111111111112,0.00016411111111111108
596.0,2.0805369127516777,0.0002132499999999999,9.725e-05,0.00026772222222222215,0.0003735,0.0002922500000000001,0.00035525,0.00043999999999999996,0.00042525000000000006,7.033411499999996,3.207499500000001,8.83001433333333,12.318776999999999,9.638989500000001,11.716855499999998,14.512080000000001,14.025595500000001,-5.447222222222225e-05,-0.00017047222222222214,0.0,0.00010577777777777788,2.4527777777777937e-05,8.752777777777784e-05,0.00017227777777777782,0.00015752777777777792
600.0,2.066666666666667,0.00021849999999999994,0.00010899999999999999,0.00027388888888888894,0.00037074999999999993,0.00029800000000000003,0.00036475000000000006,0.00044500000000000003,0.0004259999999999999,7.206567000000003,3.5950380000000006,9.03340333333333,12.228076500000002,9.828636,12.030184500000003,14.67699,14.050332,-5.5388888888889e-05,-0.00016488888888888895,0.0,9.686111111111099e-05,2.411111111111109e-05,9.086111111111111e-05,0.00017111111111111108,0.00015211111111111095
604.0,2.052980132450331,0.00022999999999999995,0.000116,0.00028827777777777776,0.00036675,0.0003070000000000001,0.00036975000000000007,0.00044275,0.0004255,7.58586,3.8259120000000006,9.507977666666667,12.096148499999998,10.125473999999997,12.1950945,14.602780500000001,14.033841000000004,-5.827777777777781e-05,-0.00017227777777777776,0.0,7.847222222222224e-05,1.8722222222222328e-05,8.147222222222231e-05,0.00015447222222222224,0.00013722222222222223
608.0,2.039473684210526,0.00023525,0.000129,0.00029900000000000006,0.00036200000000000007,0.0003095,0.0003732500000000001,0.00044074999999999995,0.00041950000000000006,7.7590155,4.254677999999998,9.861617999999998,11.939484,10.207929000000002,12.3105315,14.5368165,13.835949,-6.375000000000006e-05,-0.00017000000000000007,0.0,6.300000000000001e-05,1.049999999999993e-05,7.425000000000004e-05,0.0001417499999999999,0.0001205
612.0,2.026143790849673,0.00024025000000000007,0.00013725,0.000303,0.00035875,0.00031649999999999994,0.00037000000000000005,0.0004385,0.000412,7.923925500000003,4.5267795,9.993545999999998,11.832292499999998,10.438802999999997,12.20334,14.462607000000002,13.588584000000003,-6.274999999999993e-05,-0.00016575,0.0,5.575000000000003e-05,1.3499999999999949e-05,6.700000000000006e-05,0.0001355,0.00010899999999999999
616.0,2.012987012987013,0.00024875000000000006,0.00014924999999999997,0.00030550000000000005,0.00035050000000000006,0.00032175,0.00037275000000000003,0.00043825,0.00040500000000000003,8.204272500000002,4.922563499999999,10.076001,11.560191,10.6119585,12.2940405,14.454361500000001,13.357709999999997,-5.675e-05,-0.00015625000000000008,0.0,4.500000000000001e-05,1.6249999999999934e-05,6.724999999999998e-05,0.00013274999999999995,9.949999999999998e-05
620.0,2.0,0.00025224999999999987,0.00015999999999999999,0.0003113888888888889,0.000348,0.0003200000000000001,0.00036849999999999996,0.00043324999999999993,0.0004,8.319709499999998,5.2771199999999965,10.270228333333334,11.477735999999998,10.55424,12.153867000000002,14.289451499999998,13.1928,-5.913888888888901e-05,-0.0001513888888888889,0.0,3.661111111111112e-05,8.6111111111112e-06,5.711111111111108e-05,0.00012186111111111105,8.861111111111114e-05
624.0,1.9871794871794872,0.00025375000000000007,0.00016549999999999996,0.0003112777777777777,0.0003455000000000001,0.00031649999999999994,0.0003725,0.000429,0.00038950000000000003,8.3691825,5.4585209999999975,10.26656366666667,11.395280999999999,10.438802999999998,12.285794999999998,14.149278,12.846488999999998,-5.7527777777777655e-05,-0.00014577777777777777,0.0,3.422222222222238e-05,5.222222222222217e-06,6.122222222222228e-05,0.0001177222222222223,7.822222222222231e-05
628.0,1.9745222929936306,0.00025949999999999997,0.00017725,0.00031077777777777777,0.00034500000000000004,0.0003134999999999999,0.00036624999999999993,0.00042849999999999995,0.00037999999999999997,8.558829,5.846059500000003,10.250072666666668,11.378790000000002,10.339857,12.0796575,14.132787000000002,12.53316,-5.12777777777778e-05,-0.00013352777777777777,0.0,3.422222222222227e-05,2.722222222222156e-06,5.5472222222222164e-05,0.00011772222222222219,6.92222222222222e-05
632.0,1.9620253164556962,0.0002647500000000001,0.00018475000000000002,0.0003133333333333333,0.000338,0.0003185,0.000362,0.000423,0.0003695,8.731984499999996,6.093424499999998,10.334359999999997,11.147916,10.504767000000001,11.939484,13.951386000000003,12.186849,-4.8583333333333204e-05,-0.0001285833333333333,0.0,2.4666666666666652e-05,5.166666666666666e-06,4.866666666666669e-05,0.00010966666666666666,5.616666666666666e-05
636.0,1.949685534591195,0.0002710000000000001,0.00018350000000000007,0.0003146111111111112,0.000323,0.00031675000000000003,0.0003600000000000001,0.00041925,0.00036474999999999995,8.938122,6.052197,10.376503666666668,10.653186,10.447048499999998,11.873520000000003,13.8277035,12.030184499999997,-4.361111111111113e-05,-0.00013111111111111114,0.0,8.38888888888878e-06,2.1388888888888174e-06,4.5388888888888866e-05,0.00010463888888888882,5.013888888888874e-05
640.0,1.9375,0.00028649999999999997,0.0001985,0.00031855555555555554,0.0003145,0.000317,0.0003605,0.00040675,0.00035675,9.449342999999999,6.546927000000004,10.506599333333334,10.372839,10.455294,11.890010999999998,13.415428499999999,11.766328499999998,-3.205555555555557e-05,-0.00012005555555555554,0.0,-4.05555555555554e-06,-1.5555555555555331e-06,4.194444444444444e-05,8.819444444444445e-05,3.8194444444444484e-05
644.0,1.9254658385093169,0.00028149999999999996,0.00020649999999999998,0.0003166666666666667,0.00031047593,0.0003195,0.0003585,0.0004035,0.00034725,9.284433,6.810783000000001,10.444300000000005,10.240117123260001,10.537749,11.824047,13.308237000000002,11.4529995,-3.5166666666666744e-05,-0.00011016666666666672,0.0,-6.19073666666668e-06,2.833333333333312e-06,4.1833333333333284e-05,8.68333333333333e-05,3.058333333333331e-05
648.0,1.9135802469135803,0.00028624999999999994,0.00021049999999999997,0.0003228333333333332,0.00030297376749999997,0.00031749999999999997,0.00035375,0.00039974999999999993,0.00033075,9.441097499999998,6.942711000000003,10.647689,9.992680799685001,10.471785,11.667382499999997,13.184554499999997,10.908796500000001,-3.658333333333324e-05,-0.00011233333333333321,0.0,-1.9859565833333205e-05,-5.33333333333321e-06,3.091666666666683e-05,7.691666666666676e-05,7.916666666666814e-06
652.0,1.901840490797546,0.00028375000000000004,0.00022324999999999992,0.00032561111111111115,0.000294433785,0.00031124999999999995,0.00035275,0.00039174999999999995,0.00033008403,9.358642499999998,7.363231499999998,10.739305666666667,9.71101509687,10.265647499999996,11.6344005,12.9206985,10.88683147746,-4.1861111111111114e-05,-0.00010236111111111123,0.0,-3.117732611111117e-05,-1.4361111111111204e-05,2.713888888888883e-05,6.61388888888888e-05,4.472918888888855e-06
656.0,1.8902439024390243,0.00028925,0.00023400000000000027,0.0003283888888888889,0.0002816609395,0.00031825,0.0003560000000000001,0.00038649999999999996,0.000325600395,9.540043500000003,7.717788000000006,10.830922333333334,9.289741106589,10.4965215,11.741591999999999,12.747543,10.73895222789,-3.9138888888888904e-05,-9.438888888888865e-05,0.0,-4.672794938888889e-05,-1.0138888888888903e-05,2.7611111111111174e-05,5.811111111111105e-05,-2.7884938888889208e-06
660.0,1.878787878787879,0.0002942499999999999,0.00023575000000000007,0.00033077777777777793,0.00028218934,0.00031699999999999995,0.00035475,0.0003857500000000001,0.0003141731725,9.704953499999995,7.775506500000002,10.909712666666668,9.307168811879999,10.455294000000002,11.7003645,12.722806499999999,10.362059575395,-3.652777777777801e-05,-9.502777777777786e-05,0.0,-4.858843777777791e-05,-1.3777777777777974e-05,2.397222222222205e-05,5.497222222222215e-05,-1.660460527777791e-05
664.0,1.8674698795180722,0.0002984999999999997,0.00023875000000000003,0.0003325,0.00027259021,0.00032025,0.00034424999999999994,0.00037949999999999995,0.00031428087250000004,9.84512699999999,7.874452499999997,10.966514999999998,8.99057030622,10.562485500000001,11.3540535,12.516668999999997,10.365611736795001,-3.4000000000000284e-05,-9.374999999999997e-05,0.0,-5.990979000000001e-05,-1.225e-05,1.1749999999999933e-05,4.699999999999995e-05,-1.821912749999996e-05
668.0,1.8562874251497006,0.0002930000000000001,0.0002457500000000001,0.0003292222222222223,0.000262247615,0.00031400000000000004,0.00034825000000000004,0.00036975,0.00030052903675,9.663725999999997,8.105326500000004,10.858407333333332,8.64945083793,10.356348,11.4859815,12.1950945,9.912048690088499,-3.622222222222221e-05,-8.34722222222222e-05,0.0,-6.697460722222229e-05,-1.5222222222222243e-05,1.902777777777775e-05,4.052777777777773e-05,-2.869318547222226e-05
672.0,1.8452380952380953,0.000291,0.0002472500000000001,0.0003323888888888888,0.00025604838000000004,0.00031899999999999995,0.00035525000000000004,0.00036028121,0.0002930078817499999,9.597762,8.154799500000003,10.962850333333328,8.44498766916,10.521258,11.716855500000001,11.88279486822,9.663985955878498,-4.138888888888877e-05,-8.513888888888872e-05,0.0,-7.634050888888876e-05,-1.3388888888888847e-05,2.2861111111111248e-05,2.789232111111118e-05,-3.938100713888888e-05
676.0,1.834319526627219,0.00029975,0.0002547499999999999,0.0003317222222222221,0.00025275000000000004,0.00032175,0.000356,0.0003606908125,0.000291451055,9.886354500000003,8.402164499999998,10.940862333333332,8.3362005,10.6119585,11.741592,11.896304377875,9.61263869601,-3.197222222222208e-05,-7.69722222222222e-05,0.0,-7.897222222222203e-05,-9.972222222222088e-06,2.4277777777777904e-05,2.896859027777792e-05,-4.027116722222205e-05
680.0,1.8235294117647058,0.00030075000000000013,0.0002579999999999999,0.00033527777777777766,0.00024553499,0.000322,0.00035025,0.00035487915000000005,0.000282155125,9.919336499999993,8.509356,11.058131666666668,8.09823504018,10.620204000000001,11.551945499999999,11.7046241253,9.306040332750001,-3.452777777777753e-05,-7.727777777777778e-05,0.0,-8.974278777777766e-05,-1.3277777777777637e-05,1.4972222222222318e-05,1.9601372222222396e-05,-5.3122652777777644e-05
684.0,1.8128654970760234,0.0003032499999999999,0.00025500000000000024,0.00034,0.000228009555,0.000319,0.00034100000000000005,0.00034602729749999995,0.000271262435,10.001791499999996,8.410409999999999,11.213880000000003,7.52021114301,10.521258000000003,11.246862,11.412672326145,8.94677763117,-3.675000000000011e-05,-8.499999999999979e-05,0.0,-0.00011199044500000003,-2.1000000000000023e-05,1.0000000000000243e-06,6.027297499999924e-06,-6.873756500000005e-05
688.0,1.802325581395349,0.00030524999999999997,0.0002660000000000002,0.0003426666666666666,0.0002212558475,0.00031499999999999996,0.00034,0.0003404959125,0.0002608524125,10.0677555,8.773212000000001,11.301831999999994,7.297460362244999,10.38933,11.213879999999996,11.230236186075,8.603434269074999,-3.741666666666661e-05,-7.66666666666664e-05,0.0,-0.00012141081916666656,-2.7666666666666616e-05,-2.6666666666665508e-06,-2.1707541666665772e-06,-8.18142541666666e-05
692.0,1.7919075144508672,0.0003077500000000001,0.00027749999999999997,0.00034555555555555555,0.00021641930475,0.00031650000000000005,0.00032800000000000006,0.00033325902999999996,0.000256591695,10.1502105,9.152505000000005,11.397113333333333,7.1379415092644996,10.438803000000004,10.818095999999999,10.991549327460001,8.46290728449,-3.7805555555555466e-05,-6.805555555555558e-05,0.0,-0.00012913625080555554,-2.9055555555555497e-05,-1.755555555555549e-05,-1.2296525555555583e-05,-8.896386055555553e-05
696.0,1.7816091954022988,0.00030049999999999977,0.00027899999999999995,0.0003353333333333333,0.0002070394875,0.00031150000000000004,0.00033375,0.0003202712525,0.000248,9.911091000000003,9.201977999999997,11.059963999999997,6.8285763767250005,10.273893000000001,11.007742499999999,10.563186449955,8.179536,-3.483333333333355e-05,-5.6333333333333365e-05,0.0,-0.0001282938458333333,-2.383333333333328e-05,-1.5833333333333086e-06,-1.506208083333334e-05,-8.73333333333333e-05
700.0,1.7714285714285714,0.0002967499999999999,0.0002720000000000001,0.000334111111111111,0.0002005735525,0.0003110000000000001,0.00032925,0.0003108197675,0.0002343279075,9.787408500000005,8.971103999999997,11.019652666666666,6.615316908555,10.257401999999999,10.859323500000002,10.251457571684998,7.728603045165,-3.736111111111106e-05,-6.211111111111087e-05,0.0,-0.000133537558611111,-2.3111111111110902e-05,-4.861111111110973e-06,-2.3291343611110964e-05,-9.978320361111098e-05
704.0,1.7613636363636365,0.00029725,0.00026825000000000026,0.00033633333333333334,0.00019392277499999998,0.00030524999999999997,0.00031275,0.0003050317605,0.00023201584499999998,9.8038995,8.847421500000003,11.092946000000001,6.39596096505,10.0677555,10.315120499999995,10.060557524811,7.65234659979,-3.908333333333335e-05,-6.808333333333308e-05,0.0,-0.00014241055833333336,-3.1083333333333375e-05,-2.3583333333333355e-05,-3.130157283333336e-05,-0.00010431748833333336
708.0,1.7514124293785311,0.00030000000000000014,0.00025525000000000005,0.0003214444444444445,0.00018215329499999996,0.0002995,0.0003045,0.00029689956725,0.0002241750075,9.8946,8.4186555,10.60188066666667,6.00777997569,9.878109,10.043019,9.7923415270395,7.393740097365,-2.1444444444444375e-05,-6.619444444444446e-05,0.0,-0.00013929114944444455,-2.1944444444444496e-05,-1.6944444444444537e-05,-2.454487719444451e-05,-9.72694369444445e-05
712.0,1.7415730337078652,0.00029599999999999993,0.00025549999999999987,0.0003097222222222223,0.00016543285000000004,0.00028399999999999996,0.00029325,0.000289305661,0.00021370896499999997,9.762672000000002,8.426901,10.215258333333328,5.4563062587000015,9.366888,9.671971500000001,9.541879311102,7.048549083629999,-1.3722222222222369e-05,-5.422222222222243e-05,0.0,-0.00014428937222222226,-2.5722222222222335e-05,-1.64722222222223e-05,-2.0416561222222275e-05,-9.601325722222233e-05
716.0,1.7318435754189945,0.0002795,0.00024450000000000014,0.0002951111111111111,0.000161,0.0002685,0.00028425,0.000274285909,0.000205076595,9.218468999999999,8.064098999999999,9.733354666666663,5.310101999999999,8.855667,9.375133499999999,9.046497850637998,6.76383625629,-1.56111111111111e-05,-5.0611111111110974e-05,0.0,-0.0001341111111111111,-2.6611111111111095e-05,-1.0861111111111119e-05,-2.0825202111111136e-05,-9.003451611111111e-05
720.0,1.7222222222222223,0.00027025,0.00023700000000000001,0.00029527777777777777,0.00014524999999999998,0.0002475,0.00027025,0.0002688367435,0.0001928344925,8.9133855,7.816733999999997,9.738851666666665,4.790635499999999,8.163045,8.913385499999997,8.866773474117002,6.360067231635,-2.5027777777777787e-05,-5.8277777777777755e-05,0.0,-0.0001500277777777778,-4.777777777777777e-05,-2.5027777777777787e-05,-2.644103427777776e-05,-0.00010244328527777777
724.0,1.712707182320442,0.0002615,0.00022400000000000024,0.0002772222222222222,0.00014000000000000004,0.00023474999999999993,0.000254,0.00025138466249999996,0.00017849086749999998,8.624793000000004,7.3879679999999865,9.14334333333333,4.6174800000000005,7.7425245,8.377428,8.291168938574998,5.886985791885,-1.57222222222222e-05,-5.3222222222221974e-05,0.0,-0.00013722222222222217,-4.247222222222228e-05,-2.322222222222222e-05,-2.5837559722222255e-05,-9.873135472222223e-05
728.0,1.7032967032967032,0.0002507499999999999,0.00021775000000000006,0.00025783333333333344,0.00013200000000000004,0.00023624999999999991,0.00023925,0.00024049790249999997,0.0001740275425,8.2702365,7.181830500000004,8.503858999999999,4.353624000000002,7.791997500000001,7.8909435000000006,7.932101820254999,5.739776406735,-7.083333333333551e-06,-4.008333333333338e-05,0.0,-0.0001258333333333334,-2.1583333333333524e-05,-1.858333333333345e-05,-1.733543083333347e-05,-8.380579083333345e-05
732.0,1.6939890710382515,0.0002525000000000001,0.00022425000000000027,0.0002597222222222224,0.0001215,0.00021275000000000005,0.00022124999999999993,0.00023223393500000004,0.00015890995,8.327955,7.396213500000009,8.566158333333334,4.007313,7.016920500000001,7.2972674999999985,7.659539644170001,5.241167970899999,-7.222222222222265e-06,-3.547222222222211e-05,0.0,-0.0001382222222222224,-4.697222222222234e-05,-3.8472222222222456e-05,-2.7488287222222343e-05,-0.0001008122722222224
736.0,1.684782608695652,0.00024450000000000014,0.00021924999999999983,0.00025622222222222235,0.000105,0.0001935,0.00019374999999999997,0.00021525463000000004,0.0001509285075,8.064098999999999,7.23130350000001,8.450721333333334,3.4631099999999995,6.382017000000005,6.390262499999997,7.0995282066600005,4.9779240343649995,-1.1722222222222212e-05,-3.697222222222253e-05,0.0,-0.00015122222222222235,-6.272222222222237e-05,-6.247222222222239e-05,-4.0967592222222314e-05,-0.00010529371472222236
740.0,1.6756756756756757,0.000227,0.00019775,0.00024677777777777773,8.6e-05,0.00018325000000000004,0.00017874999999999998,0.0001983421425,0.0001389144775,7.486913999999999,6.522190499999994,8.139224666666664,2.8364519999999995,6.043951499999999,5.8955325,6.541720543935,4.581677296905,-1.977777777777774e-05,-4.902777777777772e-05,0.0,-0.00016077777777777773,-6.352777777777769e-05,-6.802777777777775e-05,-4.843563527777772e-05,-0.00010786330027777772
744.0,1.6666666666666667,0.00020974999999999987,0.00017925000000000016,0.0002235555555555555,7.551691999999998e-05,0.00015875000000000004,0.00016825000000000005,0.00018824340000000002,0.0001182886825,6.9179745,5.9120234999999965,7.373309333333328,2.4906990554399995,5.2358924999999985,5.549221500000002,6.208643818800001,3.9013973262150006,-1.3805555555555641e-05,-4.430555555555535e-05,0.0,-0.00014803863555555553,-6.480555555555547e-05,-5.530555555555546e-05,-3.531215555555549e-05,-0.00010526687305555551
748.0,1.6577540106951871,0.00019925,0.00017199999999999984,0.00020594444444444458,6.987855749999998e-05,0.00013049999999999987,0.00014725000000000003,0.0001735,0.00010443334325,6.5716635,5.672903999999988,6.7924596666666694,2.3047345834649997,4.304150999999997,4.856599499999998,5.722377,3.4444205270715003,-6.694444444444586e-06,-3.3944444444444733e-05,0.0,-0.00013606588694444459,-7.544444444444471e-05,-5.869444444444455e-05,-3.244444444444459e-05,-0.00010151110119444457
752.0,1.648936170212766,0.00017999999999999993,0.00016774999999999993,0.00018616666666666673,5.02882025e-05,0.00010099999999999996,0.00012700000000000005,0.000161,8.609154149999999e-05,5.93676,5.532730500000007,6.140149000000001,1.6586054948550002,3.3311820000000054,4.188714000000003,5.3101020000000005,2.8394712217530005,-6.1666666666667985e-06,-1.8416666666666798e-05,0.0,-0.00013587846416666672,-8.516666666666677e-05,-5.916666666666668e-05,-2.5166666666666718e-05,-0.00010007512516666674
756.0,1.6402116402116402,0.00015999999999999977,0.000152,0.00015977777777777778,2.24736475e-05,9.025000000000005e-05,0.0001087499999999999,0.0001385,7.324594e-05,5.277120000000004,5.013264000000007,5.2697906666666725,0.741225841845,2.9766254999999973,3.5867924999999943,4.568007,2.41579759308,2.222222222219867e-07,-7.777777777777774e-06,0.0,-0.00013730413027777778,-6.952777777777773e-05,-5.102777777777788e-05,-2.1277777777777777e-05,-8.653183777777778e-05
760.0,1.631578947368421,0.0001602499999999998,0.00013625000000000009,0.00014766666666666671,1.0632427e-05,8.9e-05,8.524999999999993e-05,0.00013649999999999996,5.7164705e-05,5.285365500000005,4.4937974999999994,4.870342000000004,0.350678707314,2.935398000000003,2.8117155,4.5020430000000005,1.8854063003100006,1.2583333333333088e-05,-1.1416666666666628e-05,0.0,-0.0001370342396666667,-5.866666666666672e-05,-6.241666666666678e-05,-1.1166666666666757e-05,-9.050196166666672e-05
764.0,1.6230366492146597,0.00014650000000000015,0.000116,0.00014650000000000015,-2.0534465000000002e-06,6.174999999999996e-05,7.275e-05,0.00011550000000000002,3.375000000000001e-05,4.831863000000002,3.8259119999999953,4.8318629999999985,-0.06772677246299996,2.0366385000000022,2.399440499999997,3.8094210000000004,1.1131424999999995,0.0,-3.0500000000000145e-05,0.0,-0.00014855344650000014,-8.475000000000019e-05,-7.375000000000014e-05,-3.100000000000013e-05,-0.00011275000000000014
768.0,1.6145833333333333,0.00012599999999999992,0.00012100000000000001,0.0001291111111111111,-2.72690675e-05,4.224999999999997e-05,4.825000000000006e-05,9.749999999999998e-05,3.050000000000001e-05,4.155732,3.9908219999999943,4.2583426666666675,-0.8993883842850003,1.3934895000000012,1.5913815000000024,3.2157449999999983,1.0059510000000005,-3.1111111111111747e-06,-8.11111111111108e-06,0.0,-0.0001563801786111111,-8.686111111111112e-05,-8.086111111111103e-05,-3.161111111111111e-05,-9.861111111111108e-05
772.0,1.6062176165803108,0.00012474999999999986,9.774999999999975e-05,0.0001204444444444445,-4.631559000000001e-05,4.499999999999947e-06,2.5750000000000057e-05,7.949999999999998e-05,1.0249999999999978e-05,4.114504499999995,3.2239904999999993,3.9724986666666666,-1.5275807893800004,0.14841899999999697,0.8492865000000016,2.6220690000000015,0.3380654999999999,4.305555555555356e-06,-2.2694444444444758e-05,0.0,-0.0001667600344444445,-0.00011594444444444456,-9.469444444444445e-05,-4.0944444444444524e-05,-0.00011019444444444453
776.0,1.597938144329897,0.0001167500000000001,9.800000000000021e-05,9.133333333333324e-05,-5.25e-05,-2.4750000000000032e-05,-6.74999999999992e-06,4.974999999999999e-05,-9.249999999999981e-06,3.8506484999999984,3.2322360000000003,3.012355999999997,-1.7315549999999993,-0.816304499999994,-0.222628499999999,1.6408544999999997,-0.3050834999999985,2.541666666666686e-05,6.666666666666973e-06,0.0,-0.00014383333333333324,-0.00011608333333333327,-9.808333333333316e-05,-4.158333333333325e-05,-0.00010058333333333322
780.0,1.5897435897435896,0.0001142500000000001,6.925000000000008e-05,9.277777777777789e-05,-8.299999999999998e-05,-3.6500000000000074e-05,-3.200000000000002e-05,3.099999999999994e-05,-3.424999999999994e-05,3.7681935000000024,2.284003499999997,3.0599966666666667,-2.7375059999999998,-1.2038430000000027,-1.0554240000000021,1.0224419999999999,-1.129633499999997,2.1472222222222205e-05,-2.3527777777777805e-05,0.0,-0.00017577777777777787,-0.00012927777777777796,-0.0001247777777777779,-6.177777777777795e-05,-0.00012702777777777783
784.0,1.5816326530612246,9.200000000000007e-05,4.9e-05,8.888888888888911e-05,-0.00011175000000000003,-4.575e-05,-5.725000000000001e-05,1.225e-05,-5.499999999999998e-05,3.034344000000001,1.6161180000000002,2.9317333333333373,-3.6857384999999994,-1.5089265000000012,-1.8882195000000053,0.40402950000000004,-1.8140099999999997,3.111111111110958e-06,-3.988888888888911e-05,0.0,-0.00020063888888888914,-0.0001346388888888891,-0.00014613888888888912,-7.663888888888911e-05,-0.0001438888888888891
788.0,1.5736040609137056,8.025000000000003e-05,2.7250000000000147e-05,5.3333333333333184e-05,-0.000129,-7.050000000000003e-05,-8.175000000000012e-05,5.421010862427522e-20,-4.725000000000004e-05,2.646805500000003,0.898759499999997,1.7590399999999988,-4.254678,-2.3252309999999987,-2.6962784999999982,1.7763568394002505e-15,-1.558399500000002,2.6916666666666842e-05,-2.6083333333333037e-05,0.0,-0.00018233333333333318,-0.00012383333333333322,-0.0001350833333333333,-5.333333333333313e-05,-0.00010058333333333322
792.0,1.5656565656565657,5.0750000000000014e-05,1.725000000000012e-05,5.3611111111111155e-05,-0.00016199999999999993,-8.299999999999996e-05,-9.000000000000002e-05,-1.5499999999999997e-05,-6.499999999999995e-05,1.6738365000000002,0.5689394999999955,1.7682016666666698,-5.343083999999999,-2.7375059999999998,-2.9683799999999962,-0.5112210000000008,-2.1438300000000012,-2.8611111111111415e-06,-3.6361111111111034e-05,0.0,-0.00021561111111111108,-0.0001366111111111111,-0.00014361111111111117,-6.911111111111115e-05,-0.00011861111111111111
796.0,1.5577889447236182,4.500000000000001e-05,-1.2499999999999924e-05,1.4500000000000081e-05,-0.00020149999999999996,-0.0001102500000000001,-0.00010799999999999991,-3.000000000000008e-05,-8.350000000000002e-05,1.4841900000000052,-0.41227500000000106,0.4782390000000021,-6.645872999999998,-3.6362655000000004,-3.5620559999999983,-0.9894600000000011,-2.7539970000000036,3.0499999999999928e-05,-2.7000000000000006e-05,0.0,-0.00021600000000000005,-0.00012475000000000019,-0.0001225,-4.450000000000016e-05,-9.80000000000001e-05
800.0,1.55,4.3999999999999985e-05,-1.0750000000000017e-05,-1.777777777777845e-06,-0.00021624999999999997,-0.0001305000000000002,-0.00015249999999999997,-5.575000000000003e-05,-0.00012550000000000001,1.4512079999999976,-0.3545564999999975,-0.05863466666666639,-7.132357499999998,-4.304151000000001,-5.029754999999998,-1.8387465000000027,-4.139240999999998,4.577777777777783e-05,-8.972222222222172e-06,0.0,-0.00021447222222222213,-0.00012872222222222235,-0.00015072222222222212,-5.397222222222218e-05,-0.00012372222222222217
804.0,1.5422885572139304,3.8000000000000056e-05,-1.2750000000000066e-05,-2.0722222222222322e-05,-0.00020799999999999996,-0.000174,-0.00020475000000000007,-7.799999999999994e-05,-0.00014900000000000004,1.2533160000000017,-0.4205205000000021,-0.6834603333333291,-6.860256,-5.738868,-6.753064500000001,-2.572595999999997,-4.914318000000005,5.872222222222238e-05,7.972222222222256e-06,0.0,-0.00018727777777777764,-0.00015327777777777768,-0.00018402777777777775,-5.727777777777762e-05,-0.00012827777777777772
808.0,1.5346534653465347,0.0,-4.724999999999998e-05,-5.405555555555556e-05,-0.0002197500000000001,-0.00021450000000000006,-0.0002230000000000001,-8.474999999999997e-05,-0.00016224999999999996,0.0,-1.5583995000000002,-1.782860333333332,-7.247794500000001,-7.074639000000001,-7.354985999999997,-2.7952244999999962,-5.3513294999999985,5.405555555555556e-05,6.8055555555555794e-06,0.0,-0.00016569444444444455,-0.0001604444444444445,-0.00016894444444444455,-3.069444444444441e-05,-0.0001081944444444444
812.0,1.5270935960591132,-1.3250000000000024e-05,-7.974999999999996e-05,-4.9500000000000065e-05,-0.00023050000000000002,-0.0002262500000000001,-0.00025124999999999995,-0.00010524999999999998,-0.00017575000000000002,-0.43701150000000055,-2.6303144999999972,-1.6326090000000022,-7.602351000000006,-7.462177499999996,-8.286727500000001,-3.4713555000000014,-5.7965865,3.625000000000004e-05,-3.0249999999999895e-05,0.0,-0.00018099999999999995,-0.00017675000000000004,-0.0002017499999999999,-5.574999999999992e-05,-0.00012624999999999995
816.0,1.5196078431372548,-3.775000000000002e-05,-9.674999999999994e-05,-4.783333333333354e-05,-0.00026025000000000006,-0.00021349999999999993,-0.00027899999999999995,-0.00010274999999999998,-0.00017050000000000008,-1.2450705000000006,-3.1910085000000024,-1.5776389999999978,-8.583565500000002,-7.041657000000001,-9.201977999999997,-3.3889004999999983,-5.623431000000004,1.0083333333333515e-05,-4.89166666666664e-05,0.0,-0.00021241666666666653,-0.0001656666666666664,-0.0002311666666666664,-5.491666666666644e-05,-0.00012266666666666654
820.0,1.5121951219512195,-2.7499999999999313e-06,-0.000107,-3.749999999999999e-05,-0.00027749999999999997,-0.0002832500000000001,-0.0003372500000000001,-0.00011075000000000006,-0.00017224999999999999,-0.09070050000000052,-3.5290739999999943,-1.2368249999999996,-9.152505000000001,-9.342151500000003,-11.123179499999999,-3.652756499999999,-5.6811495,3.475000000000006e-05,-6.950000000000001e-05,0.0,-0.00023999999999999998,-0.0002457500000000001,-0.0002997500000000001,-7.325000000000007e-05,-0.00013475
824.0,1.5048543689320388,4.424999999999991e-05,-9.500000000000003e-05,-3.227777777777777e-05,-0.0003177500000000001,-0.00027875,-0.0003584999999999999,-0.00010774999999999999,-0.00019724999999999994,1.4594535000000022,-3.133289999999999,-1.064585666666666,-10.480030500000002,-9.193732500000003,-11.824047,-3.5538104999999973,-6.505699499999999,7.652777777777768e-05,-6.272222222222226e-05,0.0,-0.00028547222222222233,-0.00024647222222222225,-0.0003262222222222221,-7.547222222222222e-05,-0.00016497222222222217
828.0,1.497584541062802,3.449999999999997e-05,-0.00010349999999999997,-5.066666666666663e-05,-0.00035800000000000003,-0.00033124999999999995,-0.00041425,-0.00010950000000000006,-0.00020050000000000016,1.1378789999999999,-3.4136369999999996,-1.6710879999999957,-11.807555999999998,-10.9252875,-13.6627935,-3.6115290000000044,-6.612891000000001,8.51666666666666e-05,-5.2833333333333335e-05,0.0,-0.0003073333333333334,-0.0002805833333333333,-0.0003635833333333334,-5.8833333333333426e-05,-0.00014983333333333352
832.0,1.4903846153846154,4.3000000000000015e-05,-0.00011099999999999999,-2.6222222222222293e-05,-0.0004500000000000001,-0.0004665,-0.0004485,-0.00013624999999999998,-0.00020949999999999994,1.4182260000000007,-3.661002,-0.8648613333333337,-14.841900000000003,-15.386102999999999,-14.792426999999996,-4.4937974999999994,-6.909729000000002,6.922222222222231e-05,-8.47777777777777e-05,0.0,-0.0004237777777777778,-0.0004402777777777777,-0.0004222777777777777,-0.00011002777777777768,-0.00018327777777777765
836.0,1.4832535885167464,0.00015500000000000003,-0.00012675000000000007,-3.9000000000000026e-05,-0.00057275,-0.00055,-0.000528,-0.000185,-0.0002017499999999999,5.112209999999998,-4.1804685,-1.2862980000000022,-18.890440500000004,-18.140100000000004,-17.414496,-6.101669999999999,-6.654118499999999,0.00019400000000000005,-8.775000000000005e-05,0.0,-0.0005337499999999999,-0.000511,-0.0004890000000000001,-0.00014599999999999997,-0.00016274999999999986
840.0,1.4761904761904763,0.00021698245,-0.00019925000000000005,-2.247894333333336e-05,-0.000632,-0.0006488046124999999,-0.0006747499999999999,-0.00014175,-0.00018349999999999996,7.1565151659,-6.571663500000001,-0.74140050902,-20.844624,-21.398873729475,-22.2546045,-4.6751985,-6.052197000000001,0.00023946139333333336,-0.00017677105666666669,0.0,-0.0006095210566666666,-0.0006263256691666666,-0.0006522710566666665,-0.00011927105666666664,-0.0001610210566666666
844.0,1.4691943127962086,0.00029779794,-0.00019100000000000003,8.285544444444463e-06,-0.00074860743,-0.0008749312675,-0.00088825,-0.00018105729,-0.00014587935750000005,9.82197165708,-6.299562000000002,0.27327382686666635,-24.69057025626,-28.856983064685004,-29.296261499999996,-5.97163153878,-4.811392969065002,0.00028951239555555556,-0.0001992855444444445,0.0,-0.0007568929744444445,-0.0008832168119444444,-0.0008965355444444446,-0.00018934283444444445,-0.00015416490194444452
848.0,1.4622641509433962,0.0005282970574999999,-0.00010234513249999998,-0.00013757140833333333,-0.0009179627575,-0.0012386553400000001,-0.0012409271775,-0.0001991720675,2.7074699999999783e-06,17.424293550465002,-3.3755471601149996,-4.5373801896499995,-30.276247667865,-40.85333042388,-40.928260168305,-6.569093130285,0.0892977755400004,0.0006658684658333333,3.522627583333335e-05,0.0,-0.0007803913491666667,-0.0011010839316666669,-0.0011033557691666666,-6.160065916666668e-05,0.0001402788783333333
852.0,1.4553990610328638,0.000829006265,-0.0001219744025,-2.114509333333334e-05,-0.00146,-0.0016987134499999999,-0.0015695246149999998,-0.0001475840275,-8.844319e-05,27.342284632229997,-4.022959743255,-0.6974074683199998,-48.15371999999999,-56.0269670079,-51.76606085192999,-4.867616395005001,-2.91703329258,0.0008501513583333333,-0.00010082930916666667,0.0,-0.0014388549066666665,-0.0016775683566666664,-0.0015483795216666664,-0.00012643893416666667,-6.729809666666667e-05
