wavelength,energy,-2_absorption,-4_absorption,0_absorption,10_absorption,2_absorption,4_absorption,6_absorption,8_absorption,-2_abs_diff,-4_abs_diff,0_abs_diff,10_abs_diff,2_abs_diff,4_abs_diff,6_abs_diff,8_abs_diff
400.0,3.1,0.521270133513261,0.5339186513678498,0.5209149588530357,0.2641262832746303,0.5202246612642936,0.5435327189759329,0.26210957297158055,0.2688663764897201,0.000355174660225277,0.013003692514814036,0.0,-0.25678867557840546,-0.0006902975887421725,0.02261776012289718,-0.2588053858814552,-0.2520485823633156
404.0,3.0693069306930694,0.5175623654033346,0.5308940981718837,0.51827375559657,0.2651036518212406,0.5178464572246522,0.5161096418183677,0.2608613882106998,0.2680200044772372,-0.0007113901932354061,0.012620342575313748,0.0,-0.25317010377532934,-0.00042729837191779474,-0.002164113778202248,-0.25741236738587014,-0.2502537511193328
408.0,3.0392156862745097,0.5139413773774371,0.5273933441873926,0.5163415048153457,0.26363399129166387,0.5165859691666013,0.5123170342739505,0.259002492101414,0.2662622830326671,-0.002400127437908628,0.011051839372046901,0.0,-0.2527075135236818,0.00024446435125557997,-0.004024470541395209,-0.25733901271393167,-0.2500792217826786
412.0,3.0097087378640777,0.5109587860153939,0.5240348855129529,0.5129599645137373,0.2623148677585012,0.5123791563452695,0.5086553780358616,0.2580840694679305,0.2645156537309521,-0.002001178498343359,0.011074920999215587,0.0,-0.25064509675523605,-0.000580808168467728,-0.004304586477875683,-0.25487589504580677,-0.24844431078278517
416.0,2.980769230769231,0.5076495536919989,0.5213961135660856,0.510082004208217,0.2612659349085489,0.5089564773657929,0.5063193508338406,0.2573261938652256,0.26355915317385303,-0.0024324505162180987,0.011314109357868585,0.0,-0.24881606929966815,-0.0011255268424241738,-0.0037626533743764234,-0.25275581034299144,-0.246522851034364
420.0,2.9523809523809526,0.506407677156415,0.5191674090898155,0.5078683329306177,0.26084365760051753,0.5068449325454418,0.5043465093640154,0.25616227205237974,0.2630308591273789,-0.0014606557742027348,0.011299076159197785,0.0,-0.2470246753301002,-0.0010234003851758988,-0.0035218235666023556,-0.251706060878238,-0.24483747380323884
424.0,2.9245283018867925,0.505067667468722,0.5180907108484756,0.5064488989741589,0.26094274088633984,0.5058550878123789,0.5025765831652091,0.25637159105718976,0.26313872101500047,-0.0013812315054368973,0.011641811874316677,0.0,-0.24550615808781906,-0.0005938111617800335,-0.0038723158089497556,-0.25007730791696914,-0.24331017795915844
428.0,2.897196261682243,0.5039762982725327,0.5170682815165488,0.5055301949928328,0.260496428064392,0.5050976553345097,0.5014574412376014,0.25690423693597775,0.2632926253600676,-0.001553896720300152,0.011538086523716018,0.0,-0.2450337669284408,-0.0004325396583231278,-0.0040727537552314175,-0.24862595805685506,-0.24223756963276522
432.0,2.8703703703703702,0.5040841474872213,0.5165303794497986,0.5051901277557236,0.2596665558785338,0.5045418032600952,0.5009456082626174,0.2561821042419574,0.26268642465354386,-0.0011059802685022824,0.011340251694075043,0.0,-0.24552357187718976,-0.0006483244956283496,-0.004244519493106225,-0.24900802351376616,-0.24250370310217972
436.0,2.8440366972477062,0.5029537296919486,0.5160845458996379,0.5049049066389897,0.25938351320255193,0.5039738969637209,0.5005112077223504,0.2557534933687191,0.26168924631197,-0.0019511769470410556,0.011179639260648244,0.0,-0.24552139343643775,-0.0009310096752688235,-0.0043936989166393214,-0.24915141327027057,-0.2432156603270197
440.0,2.8181818181818183,0.5029873567331036,0.5153397485191449,0.5048930046332929,0.2581100911737828,0.5044559214844357,0.49936428396620314,0.2549255595117077,0.2603562775599946,-0.0019056479001893223,0.010446743885851983,0.0,-0.2467829134595101,-0.0004370831488571536,-0.005528720667089759,-0.2499674451215852,-0.24453672707329832
444.0,2.7927927927927927,0.5041200853225827,0.516695765542216,0.505948761508382,0.25671948401104205,0.5061427234177205,0.5005167910685668,0.25395474130274365,0.25881448890025505,-0.001828676185799294,0.010747004033833996,0.0,-0.24922927749733992,0.00019396190933851365,-0.005431970439815137,-0.2519940202056383,-0.24713427260812693
448.0,2.767857142857143,0.5059436450609083,0.5184933847787163,0.5071078888320031,0.2554692313214073,0.5078828890765228,0.5016214299943949,0.25332556403366646,0.25794164097177696,-0.0011642437710948084,0.011385495946713231,0.0,-0.2516386575105958,0.000775000244519708,-0.005486458837608232,-0.2537823247983366,-0.24916624786022612
452.0,2.743362831858407,0.5059029523907739,0.5183499838989425,0.5075170597451417,0.2545681684189183,0.5078490338322565,0.5012982017704029,0.2528807895660268,0.25690415450886084,-0.0016141073543678441,0.010832924153800771,0.0,-0.25294889132622345,0.000331974087114828,-0.006218857974738867,-0.25463627017911494,-0.2506129052362809
456.0,2.719298245614035,0.5050203293872411,0.5166785356735644,0.5060759915409336,0.25386339914515466,0.5061580336736784,0.49986234344714897,0.2521816079092263,0.2560996704870335,-0.0010556621536925714,0.010602544132630731,0.0,-0.252212592395779,8.204213274476402e-05,-0.006213648093784663,-0.25389438363170735,-0.2499763210539001
460.0,2.6956521739130435,0.5032681915486472,0.5141940144843047,0.5041890166817189,0.2536333341405461,0.5028405134062333,0.49745563709039864,0.25161743435868256,0.25502941052178274,-0.0009208251330716788,0.010004997802585791,0.0,-0.2505556825411728,-0.0013485032754856352,-0.006733379591320254,-0.25257158232303634,-0.24915960615993615
464.0,2.6724137931034484,0.5011689159003252,0.5121046409676522,0.5014094820057613,0.25180677801382045,0.5004001325368101,0.49503662915452895,0.25128565364231825,0.25428243444995635,-0.0002405661054361019,0.010695158961890883,0.0,-0.24960270399194084,-0.0010093494689511484,-0.006372852851232347,-0.25012382836344305,-0.24712704755580495
468.0,2.6495726495726495,0.49888691136051055,0.5097090690988895,0.49909210415974714,0.2517147765278669,0.49828154046632456,0.49293364116704885,0.2510118333183873,0.2537419019698077,-0.0002051927992365865,0.010616964939142326,0.0,-0.24737732763188025,-0.0008105636934225835,-0.006158462992698288,-0.24808027084135986,-0.24535020218993941
472.0,2.6271186440677967,0.49696480737759074,0.5076448915828427,0.49735945806609316,0.2516422997309262,0.49651993920947657,0.4907687487206256,0.2509895760184433,0.25374605148063223,-0.00039465068850241813,0.010285433516749487,0.0,-0.24571715833516694,-0.0008395188566165945,-0.006590709345467571,-0.24636988204764987,-0.24361340658546093
476.0,2.6050420168067228,0.49549817058088874,0.5060079953142838,0.4962141020940749,0.2519649785364091,0.49513508122506567,0.48878490098049476,0.25154776051019656,0.25382722054016793,-0.0007159315131861632,0.009793893220208849,0.0,-0.24424912355766581,-0.0010790208690092395,-0.007429201113580142,-0.24466634158387834,-0.24238688155390697
480.0,2.5833333333333335,0.4942216355135074,0.5051617936062984,0.4953430806241519,0.25236031123781255,0.4939567133541798,0.4882027351015106,0.2520936647273033,0.2540480048774547,-0.0011214451106444923,0.009818712982146538,0.0,-0.24298276938633934,-0.0013863672699720997,-0.0071403455226413115,-0.24324941589684856,-0.24129507574669717
484.0,2.56198347107438,0.4945551720291679,0.5059928604797448,0.49561747675041823,0.2528741331422588,0.49409098158492193,0.48840730022336976,0.25364437492467573,0.2552154416038048,-0.0010623047212503511,0.01037538372932656,0.0,-0.2427433436081594,-0.0015264951654963,-0.007210176527048473,-0.2419731018257425,-0.2404020351466134
488.0,2.540983606557377,0.496408058266927,0.5074035739696203,0.4971092774908039,0.2552994802380619,0.4954101915645188,0.48946444761831276,0.25560552574805406,0.2572737011176618,-0.0007012192238768922,0.010294296478816412,0.0,-0.241809797252742,-0.0016990859262850933,-0.0076448298724911545,-0.24150375174274985,-0.23983557637314212
492.0,2.5203252032520327,0.49950272194114986,0.5102029344820487,0.49979321012527045,0.257922064045115,0.4980307165209512,0.49035546388225515,0.2586558686530327,0.26013903992483844,-0.0002904881841205853,0.010409724356778227,0.0,-0.24187114608015547,-0.0017624936043192374,-0.0094377462430153,-0.24113734147223775,-0.239654170200432
496.0,2.5,0.5040537403224177,0.5139885538726132,0.5037165711555762,0.2611825378046422,0.501925643626935,0.4929309767662806,0.2626114625660978,0.2637565725118718,0.0003371691668414556,0.010271982717036998,0.0,-0.24253403335093404,-0.001790927528641184,-0.010785594389295605,-0.24110510858947842,-0.23995999864370443
500.0,2.48,0.5081002772670229,0.5182653545606346,0.5082220679271967,0.26501786408918204,0.5058195104240852,0.4970007546125357,0.26641897352095634,0.2675477813431797,-0.00012179066017381501,0.010043286633437898,0.0,-0.24320420383801467,-0.0024025575031114688,-0.01122131331466103,-0.24180309440624037,-0.24067428658401702
504.0,2.4603174603174605,0.512576624881868,0.5228432293007004,0.512564254283639,0.2688544588220423,0.5101205957284838,0.5015676833640814,0.27038905087404164,0.27172911803975075,1.2370598228894636e-05,0.01027897501706132,0.0,-0.24370979546159677,-0.0024436585551552703,-0.010996570919557636,-0.24217520340959742,-0.2408351362438883
508.0,2.440944881889764,0.5171337192377239,0.5274676856841065,0.5169267980102861,0.2728813648366657,0.5146424316883205,0.5062797935827246,0.27491733866484447,0.27617151519566496,0.00020692122743781738,0.010540887673820443,0.0,-0.24404543317362037,-0.002284366321965603,-0.010647004427561502,-0.2420094593454416,-0.2407552828146211
512.0,2.421875,0.5218849732797124,0.532196142840544,0.521355752751488,0.2778638998288836,0.5191142853731767,0.5109128400025646,0.27969157046555626,0.2803508904754597,0.0005292205282243501,0.010840390089055907,0.0,-0.24349185292260445,-0.0022414673783113237,-0.010442912748923394,-0.24166418228593178,-0.24100486227602835
516.0,2.4031007751937983,0.5264589912870501,0.5364537037004533,0.5258292082173692,0.28208815559874933,0.5240962979323747,0.5148313673000373,0.283947428177892,0.28465761908128506,0.0006297830696808671,0.010624495483084084,0.0,-0.2437410526186199,-0.00173291028499456,-0.010997840917331914,-0.24188178003947725,-0.24117158913608416
520.0,2.3846153846153846,0.5307353692407646,0.5411395958745826,0.5299363073671421,0.28633758797668185,0.5283353958441066,0.5191360432241365,0.28776808524243336,0.28915200741819636,0.000799061873622442,0.011203288507440456,0.0,-0.2435987193904603,-0.001600911523035542,-0.010800264143005611,-0.2421682221247088,-0.2407842999489458
524.0,2.366412213740458,0.5347878096531662,0.5454686984660109,0.5337030156708491,0.29133720630139015,0.5321450284105422,0.5231534493487209,0.29089490488655323,0.2936154206181778,0.0010847939823170893,0.01176568279516177,0.0,-0.24236580936945895,-0.00155798726030687,-0.010549566322128223,-0.24280811078429587,-0.2400875950526713
528.0,2.3484848484848486,0.5389515554199003,0.5498037745535522,0.5377081967170905,0.29668377424018155,0.5363913675517442,0.5273201666650991,0.29593462195996345,0.29883524215137003,0.0012433587028097826,0.012095577836461757,0.0,-0.24102442247690892,-0.001316829165346256,-0.010388030051991404,-0.24177357475712702,-0.23887295456572044
532.0,2.330827067669173,0.5433190499921441,0.5542223613978525,0.5417743046567374,0.3017132146487711,0.5404584724241492,0.5318455982511878,0.30137309574896687,0.303874719276797,0.0015447453354067164,0.012448056741115154,0.0,-0.24006109000796627,-0.0013158322325881322,-0.009928706405549548,-0.2404012089077705,-0.23789958537994038
536.0,2.3134328358208953,0.5479205557404923,0.55877537784408,0.5459847598752927,0.30661302241184485,0.5451701706275802,0.5366594124954229,0.3063905937042217,0.3090865343865825,0.001935795865199541,0.012790617968787332,0.0,-0.23937173746344786,-0.0008145892477124939,-0.009325347379869786,-0.239594166171071,-0.2368982254887102
540.0,2.2962962962962963,0.5525055895283966,0.5632502243388513,0.5505487879100799,0.31108367894032085,0.5491575333762673,0.5412350897215839,0.311442609805457,0.3140796934975343,0.0019568016183166836,0.012701436428771418,0.0,-0.23946510896975903,-0.0013912545338126137,-0.009313698188496033,-0.23910617810462287,-0.2364690944125456
544.0,2.2794117647058822,0.5569009317572173,0.5679902195083264,0.5552623936486387,0.31540291311852475,0.5539099243213106,0.5460017261680039,0.31649306205044936,0.31885731319782495,0.0016385381085786133,0.01272782585968768,0.0,-0.23985948053011397,-0.0013524693273281319,-0.00926066748063481,-0.23876933159818936,-0.23640508045081376
548.0,2.2627737226277373,0.5616338647561674,0.5763076454671094,0.5596125137048291,0.3197098474518978,0.558375132910885,0.5507905899850152,0.3212294762418466,0.3236115497979033,0.0020213510513382715,0.016695131762280324,0.0,-0.23990266625293133,-0.0012373807939440873,-0.00882192371981394,-0.2383830374629825,-0.23600096390692582
552.0,2.246376811594203,0.5664175464227268,0.579837962707332,0.5642015594244187,0.3239078486220308,0.5626654745936837,0.5558464033660813,0.326111950089762,0.3278369303557067,0.0022159869983080505,0.01563640328291327,0.0,-0.24029371080238793,-0.001536084830735085,-0.008355156058337476,-0.23808960933465673,-0.23636462906871203
556.0,2.2302158273381294,0.5704569935607275,0.5845649348442146,0.5687473189662606,0.32769298147328163,0.5666713413774316,0.5598181893097762,0.3306223673246165,0.3321238491947671,0.0017096745944669145,0.01581761587795394,0.0,-0.241054337492979,-0.0020759775888290477,-0.008929129656484402,-0.23812495164164416,-0.2366234697714935
560.0,2.2142857142857144,0.5743103708704536,0.5882658085764181,0.572630015663101,0.33096061636740703,0.570307597545024,0.5636837031075714,0.33465406523788044,0.3360701553364691,0.0016803552073525463,0.01563579291331707,0.0,-0.24166939929569398,-0.0023224181180769854,-0.008946312555529579,-0.23797595042522057,-0.2365598603266319
564.0,2.198581560283688,0.5780206622616557,0.59174884170951,0.5758190715925389,0.33383116506782695,0.5738325239700395,0.5664509500010102,0.33827289052677845,0.3390228960311059,0.0022015906691168485,0.015929770116971165,0.0,-0.24198790652471192,-0.0019865476224993905,-0.009368121591528666,-0.23754618106576042,-0.23679617556143295
568.0,2.183098591549296,0.5811214371199278,0.5950569084986048,0.5788090571984621,0.33597516458890286,0.5765993733383827,0.5693665903066931,0.34145454172632705,0.3420178717375335,0.0023123799214657126,0.016247851300142724,0.0,-0.24283389260955923,-0.002209683860079359,-0.009442466891768975,-0.23735451547213504,-0.2367911854609286
572.0,2.167832167832168,0.5835337805283405,0.5975744607495661,0.5810334091307037,0.33811643127643953,0.5789319196730356,0.5712869153149998,0.344141220393384,0.34447999061416246,0.0025003713976368136,0.016541051618862435,0.0,-0.24291697785426414,-0.002101489457668082,-0.009746493815703916,-0.23689218873731965,-0.23655341851654121
576.0,2.1527777777777777,0.5845633281406135,0.5980227746586675,0.5827921321408993,0.3400044474424402,0.5805914660210465,0.5724210039047963,0.3472344757120889,0.3472970558395878,0.0017711959997142035,0.015230642517768178,0.0,-0.24278768469845913,-0.002200666119852812,-0.010371128236102978,-0.23555765642881044,-0.2354950763013115
580.0,2.1379310344827585,0.585657285037549,0.5985236960027618,0.5832515041727826,0.34115397448549567,0.5815099026710628,0.5731720878815714,0.3488577010201719,0.34928940320344437,0.0024057808647663936,0.015272191829979187,0.0,-0.24209752968728693,-0.0017416015017197584,-0.01007941629121123,-0.2343938031526107,-0.23396210096933823
584.0,2.1232876712328768,0.5867281463638259,0.5990764373865347,0.5838018972831311,0.342124450586067,0.5818875860161232,0.5741361206421964,0.3500648030494953,0.3506990235466534,0.0029262490806947206,0.015274540103403567,0.0,-0.24167744669706415,-0.0019143112670079176,-0.009665776640934709,-0.23373709423363587,-0.23310287373647776
588.0,2.108843537414966,0.5866144185817757,0.5993382455982657,0.58346553988437,0.34239329401348795,0.5813917895946386,0.5737929946267393,0.3504845595728274,0.3512431168626007,0.003148878697405655,0.015872705713895652,0.0,-0.24107224587088205,-0.0020737502897314464,-0.009672545257630727,-0.23298098031154257,-0.23222242302176932
592.0,2.0945945945945947,0.5857170614142155,0.5983278786393922,0.5827796476693445,0.3425464001338494,0.580351822291167,0.5732123983036213,0.35080285242767517,0.3521409497672523,0.002937413744870998,0.01554823097004765,0.0,-0.24023324753549513,-0.0024278253781775394,-0.009567249365723285,-0.23197679524166936,-0.23063869790209224
596.0,2.0805369127516777,0.5843380857240728,0.5977630762434194,0.5815047768672448,0.34226741545995365,0.5790766574594322,0.5725128338903869,0.35115908257578443,0.35236791749668406,0.0028333088568279763,0.016258299376174623,0.0,-0.23923736140729113,-0.0024281194078126234,-0.008991942976857903,-0.23034569429146035,-0.22913685937056072
600.0,2.066666666666667,0.5825360936619146,0.5962767612573661,0.5796262415932083,0.3411580772083227,0.577277034394879,0.5707348549960807,0.35042983146394957,0.35216028438983926,0.002909852068706309,0.01665051966415776,0.0,-0.2384681643848856,-0.0023492071983293172,-0.008891386597127626,-0.22919641012925873,-0.22746595720336904
604.0,2.052980132450331,0.580547630152578,0.5942695833657836,0.5774403274710902,0.34030896964615853,0.5755289901884832,0.5686611297079149,0.34990666654893765,0.3515787352051587,0.0031073026814878446,0.016829255894693418,0.0,-0.23713135782493167,-0.0019113372826069508,-0.008779197763175262,-0.22753366092215255,-0.2258615922659315
608.0,2.039473684210526,0.5787007267133477,0.5919290679059352,0.5753570071843326,0.33936791773652963,0.5736031747833381,0.5670680775259427,0.34894776479235246,0.35124118885002,0.0033437195290151323,0.016572060721602666,0.0,-0.23598908944780295,-0.0017538324009944706,-0.008288929658389899,-0.22640924239198013,-0.2241158183343126
612.0,2.026143790849673,0.5763131294495716,0.5889446751832252,0.5729576737685975,0.33752400187499965,0.5713253639399842,0.5651586866067206,0.3472384212258013,0.3500132266347724,0.003355455680974062,0.01598700141462772,0.0,-0.23543367189359787,-0.0016323098286132876,-0.00779898716187688,-0.22571925254279623,-0.2229444471338251
616.0,2.012987012987013,0.5733170349357242,0.5858489663086799,0.5696086739839457,0.33541163741868196,0.5682303491780365,0.5618941459476585,0.34550720071129426,0.3480092980214229,0.003708360951778511,0.01624029232473423,0.0,-0.2341970365652637,-0.001378324805909159,-0.007714528036287138,-0.2241014732726514,-0.22159937596252277
620.0,2.0,0.5706980296419677,0.5830954128912471,0.566759703225818,0.33351292863750026,0.5673144829135996,0.5590772199300547,0.3435719633771597,0.3463192385407097,0.003938326416149662,0.016335709665429077,0.0,-0.23324677458831777,0.0005547796877816147,-0.007682483295763376,-0.22318773984865836,-0.22044046468510836
624.0,1.9871794871794872,0.5676472088477387,0.579884969098563,0.5640610798280401,0.33126968907265275,0.5637277423678537,0.5562122621143812,0.34104968961361437,0.3448116041609297,0.0035861290196985696,0.015823889270522917,0.0,-0.23279139075538735,-0.0003333374601863781,-0.007848817713658862,-0.22301139021442573,-0.2192494756671104
628.0,1.9745222929936306,0.5647099066626735,0.5765213106391973,0.5606789363221167,0.32804983580867253,0.5599412235026338,0.5529990671637373,0.33834151843509974,0.34179799232366714,0.004030970340556772,0.015842374317080576,0.0,-0.2326291005134442,-0.000737712819482983,-0.007679869158379482,-0.222337417887017,-0.2188809439984496
632.0,1.9620253164556962,0.5618414067608475,0.5728641275464872,0.5574693296717608,0.32495631551190995,0.5562997322513077,0.5497450471661107,0.33552877733894304,0.3385461722042509,0.004372077089086712,0.015394797874726418,0.0,-0.23251301415985082,-0.0011695974204530835,-0.007724282505650049,-0.22194055233281773,-0.2189231574675099
636.0,1.949685534591195,0.5592612767117868,0.5697521951870224,0.5544227300194586,0.32253756692732427,0.5534135919865149,0.5461333461053726,0.33268874173015117,0.33523943139382095,0.004838546692328194,0.015329465167563727,0.0,-0.23188516309213436,-0.0010091380329437794,-0.008289383914086068,-0.22173398828930746,-0.21918329862563768
640.0,1.9375,0.5549755281362385,0.565711423076696,0.5508183596144121,0.319203747086112,0.5501843093764434,0.5429453511762192,0.3289477638161029,0.33108228081577273,0.00415716852182646,0.014893063462283918,0.0,-0.23161461252830007,-0.0006340502379686974,-0.00787300843819283,-0.22187059579830914,-0.21973607879863932
644.0,1.9254658385093169,0.5512049203145468,0.5618447021866306,0.5470897554456815,0.3159781822678238,0.5468362001985851,0.5391760995785855,0.32523125853963863,0.32708355488225105,0.0041151648688653175,0.014754946740949126,0.0,-0.2311115731778577,-0.0002535552470963598,-0.007913655867096026,-0.22185849690604287,-0.22000620056343045
648.0,1.9135802469135803,0.5473402624690737,0.557876562412057,0.5431081825285471,0.31270372252769074,0.5431601854041204,0.5351185118978219,0.3215902870571814,0.3232856339855741,0.004232079940526656,0.014768379883509875,0.0,-0.23040446000085635,5.2002875573275986e-05,-0.007989670630725199,-0.2215178954713657,-0.219822548542973
652.0,1.901840490797546,0.5436340953056291,0.5538532178297126,0.5391566493188413,0.3089836097583285,0.5396862862075669,0.531335786788377,0.31898014171748645,0.31934101338205223,0.004477445986787787,0.01469656851087131,0.0,-0.23017303956051283,0.0005296368887255376,-0.007820862530464323,-0.22017650760135488,-0.2198156359367891
656.0,1.8902439024390243,0.5394497305405932,0.5493012360654588,0.5349292612653687,0.3048897682839229,0.5370895873260717,0.5271886036173297,0.3127361938003279,0.31482068506433336,0.004520469275224537,0.014371974800090115,0.0,-0.23003949298144577,0.002160326060703044,-0.0077406576480389955,-0.22219306746504075,-0.2201085762010353
660.0,1.878787878787879,0.5346632110677643,0.5445677191164209,0.5304120415468239,0.3006109016022851,0.5319738524955921,0.5225070926850708,0.3073847307285773,0.31008698253545686,0.004251169520940401,0.014155677569597014,0.0,-0.22980113994453877,0.001561810948768283,-0.00790494886175308,-0.22302731081824656,-0.220325059011367
664.0,1.8674698795180722,0.5301496878207455,0.5395082277762189,0.5260837968228445,0.29660860741716344,0.5263910513812362,0.5178617161777841,0.3041633758709812,0.30596998955207866,0.0040658909979010005,0.013424430953374422,0.0,-0.229475189405681,0.0003072545583917563,-0.008222080645060359,-0.22192042095186326,-0.2201138072707658
668.0,1.8562874251497006,0.5260650167268752,0.5350134909589479,0.5217834466013966,0.29262734052576844,0.5223912811066231,0.5139413866167633,0.30069782884450214,0.30184247881268944,0.004281570125478584,0.013230044357551263,0.0,-0.2291561060756282,0.0006078345052265011,-0.007842059984633387,-0.2210856177568945,-0.2199409677887072
672.0,1.8452380952380953,0.5211646455999546,0.5302322723991217,0.5168764141971873,0.2882242736642844,0.517621273600354,0.5093355606789316,0.2962987466392415,0.2975601776400427,0.00428823140276724,0.013355858201934412,0.0,-0.22865214053290295,0.0007448594031667088,-0.00754085351825573,-0.22057766755794583,-0.2193162365571446
676.0,1.834319526627219,0.5160255418150137,0.5249301918694513,0.5099757363941353,0.2836983236135344,0.5124927371169914,0.5043404347475942,0.2914924785427566,0.2929166692536662,0.006049805420878407,0.014954455475316042,0.0,-0.22627741278060087,0.0025170007228560998,-0.005635301646541135,-0.21848325785137868,-0.21705906714046908
680.0,1.8235294117647058,0.5108452297513006,0.5198744646637821,0.5049972178470918,0.27924092643182297,0.506910141904017,0.49897436641943926,0.2864060398604775,0.28861624511968653,0.005848011904208805,0.014877246816690226,0.0,-0.22575629141526887,0.0019129240569251138,-0.006022851427652576,-0.21859117798661432,-0.2163809727274053
684.0,1.8128654970760234,0.5060175066181205,0.5144689765894241,0.5002292392810175,0.27517298845009397,0.5011436754990517,0.4940261834219086,0.28169997788397927,0.2847782229362914,0.005788267337103026,0.014239737308406664,0.0,-0.2250562508309235,0.0009144362180342203,-0.0062030558591088525,-0.2185292613970382,-0.21545101634472608
688.0,1.802325581395349,0.5010609166435658,0.5082690205126397,0.49516924849107946,0.271227690800093,0.4960048940286532,0.48920446479322277,0.27746620157358604,0.2802884647579422,0.005891668152486318,0.013099772021560208,0.0,-0.22394155769098645,0.0008356455375737593,-0.00596478369785669,-0.21770304691749343,-0.21488078373313724
692.0,1.7919075144508672,0.4959647505235989,0.5037683705331579,0.4903939954583014,0.26716097861320387,0.49137930134756846,0.48413358877653834,0.2720189724678759,0.276298082226899,0.0055707550652974724,0.013374375074856504,0.0,-0.22323301684509755,0.0009853058892670408,-0.006260406681763087,-0.21837502299042555,-0.21409591323140242
696.0,1.7816091954022988,0.49068493607495567,0.49998515466304116,0.4854805448871613,0.2631343081363142,0.4862574616712343,0.4792556199628495,0.2670931753984307,0.27237983515662223,0.005204391187794366,0.014504609775879862,0.0,-0.22234623675084708,0.0007769167840729896,-0.006224924924311814,-0.2183873694887306,-0.21310070973053907
700.0,1.7714285714285714,0.4855292535068507,0.49418012106582676,0.4800836671918156,0.2593906705198359,0.481988130665437,0.4742184433500174,0.2647358154298316,0.26868862709309504,0.005445586315035111,0.01409645387401115,0.0,-0.22069299667197972,0.0019044634736213872,-0.005865223841798217,-0.215347851761984,-0.21139504009872057
704.0,1.7613636363636365,0.4809301965399486,0.48920556016116934,0.4759056386339491,0.25560339042717617,0.47687829550411953,0.4693722458550742,0.25990389277051507,0.26561470882289195,0.005024557905999538,0.01329992152722026,0.0,-0.2203022482067729,0.0009726568701704519,-0.00653339277887488,-0.216001745863434,-0.21029092981105713
708.0,1.7514124293785311,0.47651154592674727,0.4836840555339712,0.4712344075487158,0.2522541011957795,0.47247796104860473,0.46482449204144594,0.25635288696894665,0.2623834063658508,0.005277138378031454,0.012449647985255385,0.0,-0.2189803063529363,0.0012435534998889164,-0.006409915507269881,-0.21488152057976917,-0.20885100118286504
712.0,1.7415730337078652,0.47177641407935056,0.4798693221985346,0.46642023892175244,0.24873023980472797,0.4677575696069989,0.4606797421041444,0.2536205767417332,0.2585002310682014,0.00535617515759812,0.013449083276782181,0.0,-0.21768999911702447,0.0013373306852464406,-0.005740496817608021,-0.21279966218001922,-0.20792000785355103
716.0,1.7318435754189945,0.4670660115986047,0.4754129429655014,0.46318861000205636,0.24512219961787562,0.4627344880630915,0.4561989605602019,0.24896905038174255,0.25517812815822905,0.003877401596548369,0.01222433296344505,0.0,-0.21806641038418073,-0.00045412193896487985,-0.006989649441854429,-0.2142195596203138,-0.2080104818438273
720.0,1.7222222222222223,0.4627651450754797,0.4695427636299858,0.45907254534925035,0.2421272373478458,0.4588624894755642,0.4517523193908197,0.245725844367902,0.2520458573366484,0.003692599726229373,0.010470218280735466,0.0,-0.21694530800140455,-0.00021005587368616574,-0.007320225958430626,-0.21334670098134834,-0.20702668801260193
724.0,1.712707182320442,0.45924751711885303,0.4656551637148043,0.45482418468107766,0.23821027792777683,0.45491808735508066,0.4482069191325717,0.24291018700573153,0.24917540532691396,0.0044233324377753735,0.010830979033726651,0.0,-0.21661390675330083,9.390267400299912e-05,-0.006617265548505946,-0.21191399767534613,-0.2056487793541637
728.0,1.7032967032967032,0.4556863071913839,0.46205089589552295,0.4514020558358818,0.235037193601618,0.4505156678423867,0.44483790373176957,0.23953857896659514,0.24634700613650473,0.004284251355502144,0.010648840059641174,0.0,-0.21636486223426377,-0.0008863879934950525,-0.006564152104112209,-0.21186347686928664,-0.20505504969937705
732.0,1.6939890710382515,0.4520621219953238,0.45991033610926757,0.44838136948648,0.2333888823087671,0.4465118926026759,0.441807699003294,0.23669952646189807,0.2435653122360073,0.0036807525088438098,0.011528966622787573,0.0,-0.2149924871777129,-0.001869476883804122,-0.006573670483186023,-0.21168184302458193,-0.2048160572504727
736.0,1.684782608695652,0.44832707097060553,0.45625137742526367,0.44516879846636215,0.2310163127006526,0.4430684921187289,0.438408275625221,0.2341213893297489,0.24057700172733298,0.003158272504243387,0.011082578958901523,0.0,-0.21415248576570955,-0.0021003063476332517,-0.006760522841141148,-0.21104740913661324,-0.20459179673902916
740.0,1.6756756756756757,0.4448118870499538,0.4521122806165383,0.44182403615514043,0.22895038530415146,0.4400197245768125,0.4351190178883444,0.23195507969186235,0.23822724391826,0.0029878508948133486,0.010288244461397866,0.0,-0.21287365085098897,-0.001804311578327944,-0.006705018266796037,-0.20986895646327808,-0.20359679223688043
744.0,1.6666666666666667,0.4420121173676135,0.44920697220731975,0.4385017648957683,0.22728181308740014,0.43694705009609613,0.4328919828461919,0.2288919133622409,0.23595887018976303,0.0035103524718451684,0.010705207311551446,0.0,-0.21121995180836817,-0.0015547147996721744,-0.005609782049576406,-0.2096098515335274,-0.20254289470600528
748.0,1.6577540106951871,0.43958572672128704,0.446391283043438,0.43617713761796084,0.22517074632330547,0.4346939600393944,0.4304183966505013,0.22674249143498493,0.2336438889521555,0.0034085891033261984,0.010214145425477161,0.0,-0.21100639129465537,-0.0014831775785664192,-0.005758740967459541,-0.20943464618297591,-0.20253324866580535
752.0,1.648936170212766,0.4372613611799281,0.4444599477597675,0.4342868090464409,0.2230155447979687,0.432347285814914,0.42793619747775935,0.22462062361507007,0.23146608205764108,0.002974552133487185,0.01017313871332659,0.0,-0.2112712642484722,-0.0019395232315269073,-0.006350611568681552,-0.20966618543137083,-0.20282072698879983
756.0,1.6402116402116402,0.43519104650896123,0.4421345836418733,0.4319841651997538,0.22059929008012658,0.4301379463622961,0.42602448859502373,0.22222517626507976,0.22908407280533072,0.003206881309207432,0.010150418442119502,0.0,-0.21138487511962722,-0.0018462188374577249,-0.005959676604730069,-0.20975898893467404,-0.20290009239442308
760.0,1.631578947368421,0.4331184664547285,0.43961024911743496,0.42974603907575704,0.21908939044437314,0.4280370009277601,0.42368978869113616,0.22068255403734072,0.22701868375135836,0.0033724273789714765,0.009864210041677923,0.0,-0.2106566486313839,-0.001709038147996944,-0.006056250384620876,-0.20906348503841632,-0.20272735532439867
764.0,1.6230366492146597,0.4310590611813496,0.4372426462052508,0.4272356815260294,0.21732048809119053,0.4260400475321724,0.4212780312879032,0.21865502313850738,0.22525460565238964,0.0038233796553202026,0.010006964679221353,0.0,-0.2099151934348389,-0.001195633993857026,-0.005957650238126222,-0.20858065838752204,-0.20198107587363978
768.0,1.6145833333333333,0.4293465339129545,0.43561970437858677,0.4261176133344087,0.21545410799407572,0.42410395057840855,0.41879897981435854,0.21653132224167537,0.22345883167152913,0.0032289205785458464,0.009502091044178096,0.0,-0.21066350534033296,-0.002013662756000123,-0.007318633520050133,-0.2095862910927333,-0.20265878166287954
772.0,1.6062176165803108,0.4274681054030567,0.43406885323152444,0.42517371293250994,0.21369968637063774,0.42248023940688206,0.4176635365949286,0.21482768003114527,0.22190317639614832,0.0022943924705467467,0.008895140299014503,0.0,-0.2114740265618722,-0.0026934735256278763,-0.007510176337581331,-0.21034603290136467,-0.20327053653636162
776.0,1.597938144329897,0.4260268336074622,0.4323753179033101,0.4234762593669037,0.21224211587037556,0.42080902578676893,0.417264072861397,0.21306731109722632,0.2199561049331138,0.0025505742405584897,0.008899058536406379,0.0,-0.21123414349652814,-0.0026672335801347646,-0.0062121865055067005,-0.21040894826967738,-0.2035201544337899
780.0,1.5897435897435896,0.42436736183659995,0.43026844145673304,0.4222676589783161,0.21049202084393515,0.4191055023694985,0.4159250644694461,0.21152249286634417,0.21817416813626123,0.0020997028582838695,0.008000782478416957,0.0,-0.21177563813438094,-0.003162156608817579,-0.006342594508869981,-0.21074516611197192,-0.20409349084205486
784.0,1.5816326530612246,0.42251251369967324,0.42892868570837006,0.42092959506197625,0.20871928323779798,0.4177792878018629,0.4141062900702057,0.20942566539223262,0.2162326357432509,0.001582918637696995,0.007999090646393814,0.0,-0.21221031182417827,-0.0031503072601133386,-0.006823304991770529,-0.21150392966974363,-0.20469695931872534
788.0,1.5736040609137056,0.4209048202736452,0.4276992752037485,0.4190870362839263,0.20707265851043166,0.41624078428819833,0.4120100841075436,0.20728468838995306,0.21433627057200244,0.0018177839897188797,0.008612238919822213,0.0,-0.21201437777349463,-0.0028462519957279664,-0.0070769521763827115,-0.21180234789397323,-0.20475076571192385
792.0,1.5656565656565657,0.4194935139535729,0.4263531547049846,0.41778352116457285,0.206208809668178,0.4147702599812346,0.41075214061014864,0.20541813943948561,0.2128052935074205,0.001709992789000081,0.008569633540411736,0.0,-0.21157471149639484,-0.003013261183338223,-0.007031380554424205,-0.21236538172508723,-0.20497822765715235
796.0,1.5577889447236182,0.41820506298895177,0.4242317133601621,0.4165254097378006,0.2049682817287084,0.41357603106141294,0.4090512899900274,0.2031278595396504,0.21130043685677435,0.0016796532511511586,0.007706303622361466,0.0,-0.2115571280090922,-0.0029493786763876706,-0.0074741197477732335,-0.2133975501981502,-0.20522497288102626
800.0,1.55,0.4167404953269307,0.4219869200782036,0.4152464575700492,0.20334363151655088,0.4124662077417427,0.408040648886294,0.2014876005465407,0.2094968844665559,0.0014940377568815055,0.00674046250815441,0.0,-0.2119028260534983,-0.0027802498283064914,-0.007205808683755199,-0.2137588570235085,-0.2057495731034933
804.0,1.5422885572139304,0.4153264876921372,0.4204084061159521,0.4138824477458516,0.20190084166551703,0.41162949831932116,0.4073314213074508,0.19974088652678557,0.20776535873031454,0.0014440399462856135,0.006525958370100504,0.0,-0.21198160608033456,-0.002252949426530426,-0.0065510264384007755,-0.21414156121906602,-0.20611708901553705
808.0,1.5346534653465347,0.41343955667523247,0.41872414390985035,0.41276721345787615,0.2002892004971275,0.4108478861529319,0.40643603007606055,0.19867317747531898,0.2056878700828273,0.0006723432173563193,0.005956930451974207,0.0,-0.21247801296074864,-0.0019193273049442627,-0.006331183381815597,-0.21409403598255716,-0.20707934337504885
812.0,1.5270935960591132,0.41146189214719864,0.41729736589480293,0.4108657966356011,0.19931376131990097,0.41017319016399756,0.4066697609515202,0.19679682516961927,0.20374407782625492,0.0005960955115975608,0.0064315692592018525,0.0,-0.2115520353157001,-0.0006926064716035185,-0.00419603568408089,-0.2140689714659818,-0.20712171880934616
816.0,1.5196078431372548,0.40934470901822984,0.41596331949428955,0.40955937586533153,0.19770190538541232,0.40982563412839634,0.40672877524811013,0.19547822149232053,0.20202840825124158,-0.0002146668471016966,0.00640394362895802,0.0,-0.2118574704799192,0.0002662582630648114,-0.0028306006172214015,-0.214081154373011,-0.20753096761408996
820.0,1.5121951219512195,0.40725843093868686,0.41520681740566556,0.40829629568143266,0.1961496471428612,0.4101758424510009,0.40769734098772803,0.19403834298921652,0.20036453559617362,-0.0010378647427458088,0.006910521724232899,0.0,-0.21214664853857146,0.0018795467695682522,-0.0005989546937046342,-0.21425795269221615,-0.20793176008525904
824.0,1.5048543689320388,0.4056303884140222,0.41380584985903157,0.40779577434406766,0.1955376077353499,0.41134167412935585,0.40939304193123083,0.19219053594891644,0.19841998032844144,-0.002165385930045449,0.0060100755149639085,0.0,-0.21225816660871777,0.003545899785288187,0.0015972675871631647,-0.21560523839515122,-0.20937579401562623
828.0,1.497584541062802,0.4037014916176256,0.41210559427113735,0.40646236587291984,0.19519518638310696,0.4130329013513627,0.4117474084540944,0.18996451351687615,0.19678893300876266,-0.0027608742552942545,0.005643228398217515,0.0,-0.21126717948981288,0.006570535478442885,0.0052850425811745705,-0.21649785235604369,-0.20967343286415718
832.0,1.4903846153846154,0.40139398326356046,0.41111502006220535,0.4052304676408589,0.19514336573589497,0.4148274454643466,0.41417115185640907,0.1889292173112571,0.19532378078120471,-0.0038364843772984436,0.005884552421346445,0.0,-0.21008710190496394,0.009596977823487673,0.008940684215550165,-0.2163012503296018,-0.2099066868596542
836.0,1.4832535885167464,0.39979288760065845,0.41013679335232056,0.4038123149424089,0.19557546903989786,0.41642738596720696,0.41564572894748064,0.18771652853240872,0.19429222346694996,-0.004019427341750426,0.006324478409911682,0.0,-0.20823684590251101,0.012615071024798086,0.011833414005071763,-0.21609578641000016,-0.2095200914754589
840.0,1.4761904761904763,0.39848889487276096,0.40939847069769897,0.403794531002001,0.19520501055129613,0.41753757702405814,0.41691524790454526,0.1874483990375191,0.19369549709304068,-0.0053056361292400656,0.005603939695697946,0.0,-0.2085895204507049,0.013743046022057115,0.013120716902544238,-0.21634613196448194,-0.21009903390896034
844.0,1.4691943127962086,0.3975679350248442,0.409307218962917,0.40363630417448837,0.19496250192557607,0.417635662689821,0.418640800975685,0.1871919226910137,0.19305845447088,-0.006068369149644148,0.005670914788428627,0.0,-0.2086738022489123,0.013999358515332627,0.015004496801196643,-0.21644438148347467,-0.21057784970360838
848.0,1.4622641509433962,0.39819591103022045,0.4086411444000573,0.4039775561199097,0.1954539924005816,0.41892214342655243,0.41986718042734106,0.18786477909920918,0.1943857289407378,-0.005781645089689258,0.004663588280147568,0.0,-0.20852356371932812,0.01494458730664272,0.01588962430743135,-0.21611277702070053,-0.2095918271791719
852.0,1.4553990610328638,0.3968062335509439,0.4083086223097976,0.405177083977327,0.19789272996039564,0.4199505316248242,0.4208555022422322,0.18944654979390907,0.19477643629866614,-0.00837085042638308,0.003131538332470596,0.0,-0.20728435401693135,0.014773447647497218,0.015678418264905236,-0.21573053418341792,-0.21040064767866085
